"Time (CET/CEST)","Situation - SCA|NL","Open loop control area error [MW] - SCA|NL"
"01.04.2021 00:00 - 01.04.2021 00:01","Surplus","245.93"
"01.04.2021 00:01 - 01.04.2021 00:02","Surplus","92.23"
"01.04.2021 00:02 - 01.04.2021 00:03","Deficit","36.38"
"01.04.2021 00:03 - 01.04.2021 00:04","Deficit","62.09"
"01.04.2021 00:04 - 01.04.2021 00:05","Deficit","33.20"
"01.04.2021 00:05 - 01.04.2021 00:06","Deficit","36.06"
"01.04.2021 00:06 - 01.04.2021 00:07","Deficit","13.52"
"01.04.2021 00:07 - 01.04.2021 00:08","Deficit","15.57"
"01.04.2021 00:08 - 01.04.2021 00:09","Deficit","12.91"
"01.04.2021 00:09 - 01.04.2021 00:10","Deficit","3.20"
"01.04.2021 00:10 - 01.04.2021 00:11","Surplus","0.12"
"01.04.2021 00:11 - 01.04.2021 00:12","Surplus","2.69"
"01.04.2021 00:12 - 01.04.2021 00:13","Deficit","7.93"
"01.04.2021 00:13 - 01.04.2021 00:14","Surplus","1.56"
"01.04.2021 00:14 - 01.04.2021 00:15","Deficit","10.17"
"01.04.2021 00:15 - 01.04.2021 00:16","Surplus","4.28"
"01.04.2021 00:16 - 01.04.2021 00:17","Deficit","30.39"
"01.04.2021 00:17 - 01.04.2021 00:18","Deficit","56.56"
"01.04.2021 00:18 - 01.04.2021 00:19","Deficit","75.95"
"01.04.2021 00:19 - 01.04.2021 00:20","Deficit","55.36"
"01.04.2021 00:20 - 01.04.2021 00:21","Deficit","51.92"
"01.04.2021 00:21 - 01.04.2021 00:22","Deficit","39.32"
"01.04.2021 00:22 - 01.04.2021 00:23","Deficit","22.45"
"01.04.2021 00:23 - 01.04.2021 00:24","Deficit","4.41"
"01.04.2021 00:24 - 01.04.2021 00:25","Deficit","27.25"
"01.04.2021 00:25 - 01.04.2021 00:26","Surplus","1.24"
"01.04.2021 00:26 - 01.04.2021 00:27","Surplus","1.06"
"01.04.2021 00:27 - 01.04.2021 00:28","Surplus","12.53"
"01.04.2021 00:28 - 01.04.2021 00:29","Surplus","11.67"
"01.04.2021 00:29 - 01.04.2021 00:30","Surplus","13.46"
"01.04.2021 00:30 - 01.04.2021 00:31","Surplus","8.25"
"01.04.2021 00:31 - 01.04.2021 00:32","Deficit","4.32"
"01.04.2021 00:32 - 01.04.2021 00:33","Deficit","9.58"
"01.04.2021 00:33 - 01.04.2021 00:34","Surplus","16.73"
"01.04.2021 00:34 - 01.04.2021 00:35","Deficit","10.07"
"01.04.2021 00:35 - 01.04.2021 00:36","Surplus","6.97"
"01.04.2021 00:36 - 01.04.2021 00:37","Surplus","6.13"
"01.04.2021 00:37 - 01.04.2021 00:38","Surplus","3.87"
"01.04.2021 00:38 - 01.04.2021 00:39","Surplus","8.83"
"01.04.2021 00:39 - 01.04.2021 00:40","Deficit","0.04"
"01.04.2021 00:40 - 01.04.2021 00:41","Deficit","2.44"
"01.04.2021 00:41 - 01.04.2021 00:42","Surplus","3.90"
"01.04.2021 00:42 - 01.04.2021 00:43","Surplus","7.36"
"01.04.2021 00:43 - 01.04.2021 00:44","Deficit","14.47"
"01.04.2021 00:44 - 01.04.2021 00:45","Surplus","8.68"
"01.04.2021 00:45 - 01.04.2021 00:46","Deficit","9.89"
"01.04.2021 00:46 - 01.04.2021 00:47","Deficit","26.71"
"01.04.2021 00:47 - 01.04.2021 00:48","Deficit","39.00"
"01.04.2021 00:48 - 01.04.2021 00:49","Deficit","34.69"
"01.04.2021 00:49 - 01.04.2021 00:50","Deficit","59.00"
"01.04.2021 00:50 - 01.04.2021 00:51","Deficit","32.57"
"01.04.2021 00:51 - 01.04.2021 00:52","Deficit","43.17"
"01.04.2021 00:52 - 01.04.2021 00:53","Surplus","8.92"
"01.04.2021 00:53 - 01.04.2021 00:54","Deficit","5.12"
"01.04.2021 00:54 - 01.04.2021 00:55","Surplus","5.02"
"01.04.2021 00:55 - 01.04.2021 00:56","Surplus","2.27"
"01.04.2021 00:56 - 01.04.2021 00:57","Deficit","7.43"
"01.04.2021 00:57 - 01.04.2021 00:58","Surplus","5.86"
"01.04.2021 00:58 - 01.04.2021 00:59","Deficit","0.97"
"01.04.2021 00:59 - 01.04.2021 01:00","Surplus","1.98"
"01.04.2021 01:00 - 01.04.2021 01:01","Surplus","7.17"
"01.04.2021 01:01 - 01.04.2021 01:02","Deficit","7.12"
"01.04.2021 01:02 - 01.04.2021 01:03","Deficit","15.13"
"01.04.2021 01:03 - 01.04.2021 01:04","Deficit","1.21"
"01.04.2021 01:04 - 01.04.2021 01:05","Surplus","9.37"
"01.04.2021 01:05 - 01.04.2021 01:06","Deficit","3.60"
"01.04.2021 01:06 - 01.04.2021 01:07","Deficit","50.70"
"01.04.2021 01:07 - 01.04.2021 01:08","Deficit","123.70"
"01.04.2021 01:08 - 01.04.2021 01:09","Deficit","146.70"
"01.04.2021 01:09 - 01.04.2021 01:10","Deficit","176.45"
"01.04.2021 01:10 - 01.04.2021 01:11","Deficit","234.85"
"01.04.2021 01:11 - 01.04.2021 01:12","Deficit","300.63"
"01.04.2021 01:12 - 01.04.2021 01:13","Deficit","299.04"
"01.04.2021 01:13 - 01.04.2021 01:14","Deficit","256.65"
"01.04.2021 01:14 - 01.04.2021 01:15","Deficit","149.61"
"01.04.2021 01:15 - 01.04.2021 01:16","Deficit","95.17"
"01.04.2021 01:16 - 01.04.2021 01:17","Deficit","60.45"
"01.04.2021 01:17 - 01.04.2021 01:18","Deficit","48.39"
"01.04.2021 01:18 - 01.04.2021 01:19","Surplus","37.88"
"01.04.2021 01:19 - 01.04.2021 01:20","Surplus","74.56"
"01.04.2021 01:20 - 01.04.2021 01:21","Surplus","103.33"
"01.04.2021 01:21 - 01.04.2021 01:22","Surplus","103.07"
"01.04.2021 01:22 - 01.04.2021 01:23","Surplus","116.49"
"01.04.2021 01:23 - 01.04.2021 01:24","Surplus","81.72"
"01.04.2021 01:24 - 01.04.2021 01:25","Surplus","74.31"
"01.04.2021 01:25 - 01.04.2021 01:26","Surplus","52.15"
"01.04.2021 01:26 - 01.04.2021 01:27","Surplus","32.10"
"01.04.2021 01:27 - 01.04.2021 01:28","Surplus","17.33"
"01.04.2021 01:28 - 01.04.2021 01:29","Surplus","25.66"
"01.04.2021 01:29 - 01.04.2021 01:30","Surplus","1.19"
"01.04.2021 01:30 - 01.04.2021 01:31","Deficit","13.36"
"01.04.2021 01:31 - 01.04.2021 01:32","Deficit","62.05"
"01.04.2021 01:32 - 01.04.2021 01:33","Deficit","79.46"
"01.04.2021 01:33 - 01.04.2021 01:34","Deficit","45.92"
"01.04.2021 01:34 - 01.04.2021 01:35","Deficit","68.80"
"01.04.2021 01:35 - 01.04.2021 01:36","Deficit","57.50"
"01.04.2021 01:36 - 01.04.2021 01:37","Deficit","5.01"
"01.04.2021 01:37 - 01.04.2021 01:38","Surplus","34.38"
"01.04.2021 01:38 - 01.04.2021 01:39","Surplus","23.65"
"01.04.2021 01:39 - 01.04.2021 01:40","Surplus","23.63"
"01.04.2021 01:40 - 01.04.2021 01:41","Surplus","23.27"
"01.04.2021 01:41 - 01.04.2021 01:42","Deficit","3.35"
"01.04.2021 01:42 - 01.04.2021 01:43","Surplus","16.79"
"01.04.2021 01:43 - 01.04.2021 01:44","Surplus","0.57"
"01.04.2021 01:44 - 01.04.2021 01:45","Deficit","0.08"
"01.04.2021 01:45 - 01.04.2021 01:46","Deficit","25.44"
"01.04.2021 01:46 - 01.04.2021 01:47","Deficit","42.35"
"01.04.2021 01:47 - 01.04.2021 01:48","Deficit","37.67"
"01.04.2021 01:48 - 01.04.2021 01:49","Deficit","6.27"
"01.04.2021 01:49 - 01.04.2021 01:50","Surplus","0.52"
"01.04.2021 01:50 - 01.04.2021 01:51","Deficit","12.16"
"01.04.2021 01:51 - 01.04.2021 01:52","Deficit","19.89"
"01.04.2021 01:52 - 01.04.2021 01:53","Surplus","8.10"
"01.04.2021 01:53 - 01.04.2021 01:54","Surplus","0.04"
"01.04.2021 01:54 - 01.04.2021 01:55","Surplus","10.56"
"01.04.2021 01:55 - 01.04.2021 01:56","Surplus","5.84"
"01.04.2021 01:56 - 01.04.2021 01:57","Surplus","8.00"
"01.04.2021 01:57 - 01.04.2021 01:58","Surplus","11.20"
"01.04.2021 01:58 - 01.04.2021 01:59","Surplus","13.30"
"01.04.2021 01:59 - 01.04.2021 02:00","Surplus","11.56"
"01.04.2021 02:00 - 01.04.2021 02:01","Surplus","11.05"
"01.04.2021 02:01 - 01.04.2021 02:02","Deficit","12.08"
"01.04.2021 02:02 - 01.04.2021 02:03","Deficit","67.67"
"01.04.2021 02:03 - 01.04.2021 02:04","Deficit","104.13"
"01.04.2021 02:04 - 01.04.2021 02:05","Deficit","124.19"
"01.04.2021 02:05 - 01.04.2021 02:06","Deficit","98.54"
"01.04.2021 02:06 - 01.04.2021 02:07","Deficit","98.19"
"01.04.2021 02:07 - 01.04.2021 02:08","Deficit","104.31"
"01.04.2021 02:08 - 01.04.2021 02:09","Deficit","53.43"
"01.04.2021 02:09 - 01.04.2021 02:10","Deficit","5.70"
"01.04.2021 02:10 - 01.04.2021 02:11","Surplus","24.89"
"01.04.2021 02:11 - 01.04.2021 02:12","Surplus","25.08"
"01.04.2021 02:12 - 01.04.2021 02:13","Surplus","31.69"
"01.04.2021 02:13 - 01.04.2021 02:14","Surplus","55.36"
"01.04.2021 02:14 - 01.04.2021 02:15","Surplus","42.44"
"01.04.2021 02:15 - 01.04.2021 02:16","Surplus","6.39"
"01.04.2021 02:16 - 01.04.2021 02:17","Deficit","47.60"
"01.04.2021 02:17 - 01.04.2021 02:18","Deficit","28.52"
"01.04.2021 02:18 - 01.04.2021 02:19","Deficit","6.72"
"01.04.2021 02:19 - 01.04.2021 02:20","Surplus","7.27"
"01.04.2021 02:20 - 01.04.2021 02:21","Surplus","9.56"
"01.04.2021 02:21 - 01.04.2021 02:22","Surplus","16.79"
"01.04.2021 02:22 - 01.04.2021 02:23","Surplus","22.29"
"01.04.2021 02:23 - 01.04.2021 02:24","Surplus","17.48"
"01.04.2021 02:24 - 01.04.2021 02:25","Deficit","3.13"
"01.04.2021 02:25 - 01.04.2021 02:26","Surplus","15.06"
"01.04.2021 02:26 - 01.04.2021 02:27","Surplus","14.75"
"01.04.2021 02:27 - 01.04.2021 02:28","Deficit","2.48"
"01.04.2021 02:28 - 01.04.2021 02:29","Surplus","0.01"
"01.04.2021 02:29 - 01.04.2021 02:30","Surplus","12.26"
"01.04.2021 02:30 - 01.04.2021 02:31","Deficit","10.43"
"01.04.2021 02:31 - 01.04.2021 02:32","Surplus","2.32"
"01.04.2021 02:32 - 01.04.2021 02:33","Deficit","2.45"
"01.04.2021 02:33 - 01.04.2021 02:34","Deficit","2.99"
"01.04.2021 02:34 - 01.04.2021 02:35","Surplus","5.11"
"01.04.2021 02:35 - 01.04.2021 02:36","Surplus","4.40"
"01.04.2021 02:36 - 01.04.2021 02:37","Deficit","10.78"
"01.04.2021 02:37 - 01.04.2021 02:38","Surplus","1.63"
"01.04.2021 02:38 - 01.04.2021 02:39","Surplus","2.50"
"01.04.2021 02:39 - 01.04.2021 02:40","Deficit","1.66"
"01.04.2021 02:40 - 01.04.2021 02:41","Surplus","2.36"
"01.04.2021 02:41 - 01.04.2021 02:42","Surplus","4.20"
"01.04.2021 02:42 - 01.04.2021 02:43","Deficit","8.20"
"01.04.2021 02:43 - 01.04.2021 02:44","Surplus","20.83"
"01.04.2021 02:44 - 01.04.2021 02:45","Surplus","14.89"
"01.04.2021 02:45 - 01.04.2021 02:46","Surplus","6.32"
"01.04.2021 02:46 - 01.04.2021 02:47","Surplus","4.44"
"01.04.2021 02:47 - 01.04.2021 02:48","Surplus","8.43"
"01.04.2021 02:48 - 01.04.2021 02:49","Deficit","9.60"
"01.04.2021 02:49 - 01.04.2021 02:50","Surplus","3.86"
"01.04.2021 02:50 - 01.04.2021 02:51","Surplus","12.67"
"01.04.2021 02:51 - 01.04.2021 02:52","Surplus","20.52"
"01.04.2021 02:52 - 01.04.2021 02:53","Surplus","42.29"
"01.04.2021 02:53 - 01.04.2021 02:54","Surplus","52.39"
"01.04.2021 02:54 - 01.04.2021 02:55","Surplus","30.13"
"01.04.2021 02:55 - 01.04.2021 02:56","Surplus","8.13"
"01.04.2021 02:56 - 01.04.2021 02:57","Surplus","29.38"
"01.04.2021 02:57 - 01.04.2021 02:58","Surplus","9.83"
"01.04.2021 02:58 - 01.04.2021 02:59","Deficit","7.52"
"01.04.2021 02:59 - 01.04.2021 03:00","Deficit","24.56"
"01.04.2021 03:00 - 01.04.2021 03:01","Deficit","66.77"
"01.04.2021 03:01 - 01.04.2021 03:02","Deficit","131.97"
"01.04.2021 03:02 - 01.04.2021 03:03","Deficit","198.33"
"01.04.2021 03:03 - 01.04.2021 03:04","Deficit","189.35"
"01.04.2021 03:04 - 01.04.2021 03:05","Deficit","171.31"
"01.04.2021 03:05 - 01.04.2021 03:06","Deficit","139.39"
"01.04.2021 03:06 - 01.04.2021 03:07","Deficit","116.08"
"01.04.2021 03:07 - 01.04.2021 03:08","Deficit","49.66"
"01.04.2021 03:08 - 01.04.2021 03:09","Deficit","28.44"
"01.04.2021 03:09 - 01.04.2021 03:10","Deficit","11.66"
"01.04.2021 03:10 - 01.04.2021 03:11","Surplus","5.05"
"01.04.2021 03:11 - 01.04.2021 03:12","Surplus","36.69"
"01.04.2021 03:12 - 01.04.2021 03:13","Surplus","66.53"
"01.04.2021 03:13 - 01.04.2021 03:14","Surplus","63.14"
"01.04.2021 03:14 - 01.04.2021 03:15","Surplus","103.77"
"01.04.2021 03:15 - 01.04.2021 03:16","Surplus","110.96"
"01.04.2021 03:16 - 01.04.2021 03:17","Surplus","140.66"
"01.04.2021 03:17 - 01.04.2021 03:18","Surplus","99.67"
"01.04.2021 03:18 - 01.04.2021 03:19","Surplus","133.23"
"01.04.2021 03:19 - 01.04.2021 03:20","Surplus","108.41"
"01.04.2021 03:20 - 01.04.2021 03:21","Surplus","103.60"
"01.04.2021 03:21 - 01.04.2021 03:22","Surplus","83.34"
"01.04.2021 03:22 - 01.04.2021 03:23","Surplus","67.98"
"01.04.2021 03:23 - 01.04.2021 03:24","Surplus","78.51"
"01.04.2021 03:24 - 01.04.2021 03:25","Surplus","41.12"
"01.04.2021 03:25 - 01.04.2021 03:26","Surplus","14.36"
"01.04.2021 03:26 - 01.04.2021 03:27","Surplus","18.43"
"01.04.2021 03:27 - 01.04.2021 03:28","Surplus","14.13"
"01.04.2021 03:28 - 01.04.2021 03:29","Surplus","10.73"
"01.04.2021 03:29 - 01.04.2021 03:30","Surplus","34.48"
"01.04.2021 03:30 - 01.04.2021 03:31","Surplus","62.61"
"01.04.2021 03:31 - 01.04.2021 03:32","Surplus","96.27"
"01.04.2021 03:32 - 01.04.2021 03:33","Surplus","111.78"
"01.04.2021 03:33 - 01.04.2021 03:34","Surplus","72.82"
"01.04.2021 03:34 - 01.04.2021 03:35","Surplus","88.49"
"01.04.2021 03:35 - 01.04.2021 03:36","Surplus","131.07"
"01.04.2021 03:36 - 01.04.2021 03:37","Surplus","137.79"
"01.04.2021 03:37 - 01.04.2021 03:38","Surplus","127.46"
"01.04.2021 03:38 - 01.04.2021 03:39","Surplus","105.06"
"01.04.2021 03:39 - 01.04.2021 03:40","Surplus","100.31"
"01.04.2021 03:40 - 01.04.2021 03:41","Surplus","109.30"
"01.04.2021 03:41 - 01.04.2021 03:42","Surplus","58.08"
"01.04.2021 03:42 - 01.04.2021 03:43","Surplus","36.88"
"01.04.2021 03:43 - 01.04.2021 03:44","Surplus","10.23"
"01.04.2021 03:44 - 01.04.2021 03:45","Surplus","2.52"
"01.04.2021 03:45 - 01.04.2021 03:46","Deficit","10.26"
"01.04.2021 03:46 - 01.04.2021 03:47","Deficit","12.50"
"01.04.2021 03:47 - 01.04.2021 03:48","Surplus","5.22"
"01.04.2021 03:48 - 01.04.2021 03:49","Surplus","1.60"
"01.04.2021 03:49 - 01.04.2021 03:50","Deficit","5.92"
"01.04.2021 03:50 - 01.04.2021 03:51","Deficit","27.94"
"01.04.2021 03:51 - 01.04.2021 03:52","Deficit","4.56"
"01.04.2021 03:52 - 01.04.2021 03:53","Deficit","17.29"
"01.04.2021 03:53 - 01.04.2021 03:54","Surplus","13.32"
"01.04.2021 03:54 - 01.04.2021 03:55","Surplus","19.67"
"01.04.2021 03:55 - 01.04.2021 03:56","Deficit","0.31"
"01.04.2021 03:56 - 01.04.2021 03:57","Deficit","29.79"
"01.04.2021 03:57 - 01.04.2021 03:58","Surplus","0.83"
"01.04.2021 03:58 - 01.04.2021 03:59","Deficit","15.21"
"01.04.2021 03:59 - 01.04.2021 04:00","Deficit","12.68"
"01.04.2021 04:00 - 01.04.2021 04:01","Deficit","66.06"
"01.04.2021 04:01 - 01.04.2021 04:02","Deficit","64.59"
"01.04.2021 04:02 - 01.04.2021 04:03","Deficit","110.17"
"01.04.2021 04:03 - 01.04.2021 04:04","Deficit","149.57"
"01.04.2021 04:04 - 01.04.2021 04:05","Deficit","203.78"
"01.04.2021 04:05 - 01.04.2021 04:06","Deficit","243.62"
"01.04.2021 04:06 - 01.04.2021 04:07","Deficit","209.79"
"01.04.2021 04:07 - 01.04.2021 04:08","Deficit","208.26"
"01.04.2021 04:08 - 01.04.2021 04:09","Deficit","155.41"
"01.04.2021 04:09 - 01.04.2021 04:10","Deficit","109.06"
"01.04.2021 04:10 - 01.04.2021 04:11","Deficit","114.51"
"01.04.2021 04:11 - 01.04.2021 04:12","Deficit","102.71"
"01.04.2021 04:12 - 01.04.2021 04:13","Deficit","64.04"
"01.04.2021 04:13 - 01.04.2021 04:14","Deficit","22.24"
"01.04.2021 04:14 - 01.04.2021 04:15","Surplus","11.62"
"01.04.2021 04:15 - 01.04.2021 04:16","Surplus","32.11"
"01.04.2021 04:16 - 01.04.2021 04:17","Deficit","9.66"
"01.04.2021 04:17 - 01.04.2021 04:18","Deficit","16.51"
"01.04.2021 04:18 - 01.04.2021 04:19","Deficit","0.37"
"01.04.2021 04:19 - 01.04.2021 04:20","Surplus","21.26"
"01.04.2021 04:20 - 01.04.2021 04:21","Surplus","15.17"
"01.04.2021 04:21 - 01.04.2021 04:22","Surplus","10.79"
"01.04.2021 04:22 - 01.04.2021 04:23","Surplus","25.88"
"01.04.2021 04:23 - 01.04.2021 04:24","Deficit","27.78"
"01.04.2021 04:24 - 01.04.2021 04:25","Surplus","4.57"
"01.04.2021 04:25 - 01.04.2021 04:26","Surplus","4.64"
"01.04.2021 04:26 - 01.04.2021 04:27","Surplus","19.09"
"01.04.2021 04:27 - 01.04.2021 04:28","Surplus","11.65"
"01.04.2021 04:28 - 01.04.2021 04:29","Surplus","8.91"
"01.04.2021 04:29 - 01.04.2021 04:30","Surplus","29.97"
"01.04.2021 04:30 - 01.04.2021 04:31","Surplus","1.98"
"01.04.2021 04:31 - 01.04.2021 04:32","Deficit","0.23"
"01.04.2021 04:32 - 01.04.2021 04:33","Surplus","36.16"
"01.04.2021 04:33 - 01.04.2021 04:34","Deficit","15.31"
"01.04.2021 04:34 - 01.04.2021 04:35","Deficit","43.09"
"01.04.2021 04:35 - 01.04.2021 04:36","Deficit","52.33"
"01.04.2021 04:36 - 01.04.2021 04:37","Deficit","45.70"
"01.04.2021 04:37 - 01.04.2021 04:38","Deficit","83.40"
"01.04.2021 04:38 - 01.04.2021 04:39","Deficit","41.20"
"01.04.2021 04:39 - 01.04.2021 04:40","Deficit","37.71"
"01.04.2021 04:40 - 01.04.2021 04:41","Deficit","9.84"
"01.04.2021 04:41 - 01.04.2021 04:42","Surplus","34.47"
"01.04.2021 04:42 - 01.04.2021 04:43","Surplus","13.68"
"01.04.2021 04:43 - 01.04.2021 04:44","Surplus","38.04"
"01.04.2021 04:44 - 01.04.2021 04:45","Surplus","18.28"
"01.04.2021 04:45 - 01.04.2021 04:46","Surplus","2.10"
"01.04.2021 04:46 - 01.04.2021 04:47","Deficit","9.61"
"01.04.2021 04:47 - 01.04.2021 04:48","Deficit","5.80"
"01.04.2021 04:48 - 01.04.2021 04:49","Surplus","10.96"
"01.04.2021 04:49 - 01.04.2021 04:50","Surplus","62.62"
"01.04.2021 04:50 - 01.04.2021 04:51","Surplus","98.47"
"01.04.2021 04:51 - 01.04.2021 04:52","Surplus","103.85"
"01.04.2021 04:52 - 01.04.2021 04:53","Surplus","136.94"
"01.04.2021 04:53 - 01.04.2021 04:54","Surplus","142.61"
"01.04.2021 04:54 - 01.04.2021 04:55","Surplus","122.26"
"01.04.2021 04:55 - 01.04.2021 04:56","Surplus","110.26"
"01.04.2021 04:56 - 01.04.2021 04:57","Surplus","67.19"
"01.04.2021 04:57 - 01.04.2021 04:58","Surplus","22.91"
"01.04.2021 04:58 - 01.04.2021 04:59","Surplus","1.95"
"01.04.2021 04:59 - 01.04.2021 05:00","Deficit","89.55"
"01.04.2021 05:00 - 01.04.2021 05:01","Deficit","77.14"
"01.04.2021 05:01 - 01.04.2021 05:02","Deficit","35.10"
"01.04.2021 05:02 - 01.04.2021 05:03","Deficit","19.77"
"01.04.2021 05:03 - 01.04.2021 05:04","Deficit","32.69"
"01.04.2021 05:04 - 01.04.2021 05:05","Deficit","15.81"
"01.04.2021 05:05 - 01.04.2021 05:06","Deficit","49.26"
"01.04.2021 05:06 - 01.04.2021 05:07","Deficit","13.79"
"01.04.2021 05:07 - 01.04.2021 05:08","Deficit","10.75"
"01.04.2021 05:08 - 01.04.2021 05:09","Surplus","6.02"
"01.04.2021 05:09 - 01.04.2021 05:10","Deficit","2.19"
"01.04.2021 05:10 - 01.04.2021 05:11","Deficit","20.74"
"01.04.2021 05:11 - 01.04.2021 05:12","Deficit","2.76"
"01.04.2021 05:12 - 01.04.2021 05:13","Deficit","14.15"
"01.04.2021 05:13 - 01.04.2021 05:14","Surplus","7.19"
"01.04.2021 05:14 - 01.04.2021 05:15","Surplus","14.24"
"01.04.2021 05:15 - 01.04.2021 05:16","Surplus","17.99"
"01.04.2021 05:16 - 01.04.2021 05:17","Deficit","2.68"
"01.04.2021 05:17 - 01.04.2021 05:18","Surplus","22.48"
"01.04.2021 05:18 - 01.04.2021 05:19","Surplus","23.40"
"01.04.2021 05:19 - 01.04.2021 05:20","Deficit","2.89"
"01.04.2021 05:20 - 01.04.2021 05:21","Deficit","4.63"
"01.04.2021 05:21 - 01.04.2021 05:22","Surplus","2.45"
"01.04.2021 05:22 - 01.04.2021 05:23","Deficit","0.09"
"01.04.2021 05:23 - 01.04.2021 05:24","Deficit","2.56"
"01.04.2021 05:24 - 01.04.2021 05:25","Deficit","11.92"
"01.04.2021 05:25 - 01.04.2021 05:26","Surplus","0.64"
"01.04.2021 05:26 - 01.04.2021 05:27","Surplus","10.56"
"01.04.2021 05:27 - 01.04.2021 05:28","Surplus","1.26"
"01.04.2021 05:28 - 01.04.2021 05:29","Surplus","1.16"
"01.04.2021 05:29 - 01.04.2021 05:30","Surplus","0.01"
"01.04.2021 05:30 - 01.04.2021 05:31","Surplus","16.59"
"01.04.2021 05:31 - 01.04.2021 05:32","Deficit","4.87"
"01.04.2021 05:32 - 01.04.2021 05:33","Deficit","4.07"
"01.04.2021 05:33 - 01.04.2021 05:34","Surplus","12.93"
"01.04.2021 05:34 - 01.04.2021 05:35","Surplus","14.18"
"01.04.2021 05:35 - 01.04.2021 05:36","Surplus","21.33"
"01.04.2021 05:36 - 01.04.2021 05:37","Surplus","87.68"
"01.04.2021 05:37 - 01.04.2021 05:38","Surplus","9.50"
"01.04.2021 05:38 - 01.04.2021 05:39","Surplus","1.22"
"01.04.2021 05:39 - 01.04.2021 05:40","Surplus","1.69"
"01.04.2021 05:40 - 01.04.2021 05:41","Deficit","2.91"
"01.04.2021 05:41 - 01.04.2021 05:42","Deficit","2.67"
"01.04.2021 05:42 - 01.04.2021 05:43","Deficit","3.48"
"01.04.2021 05:43 - 01.04.2021 05:44","Surplus","5.61"
"01.04.2021 05:44 - 01.04.2021 05:45","Deficit","0.78"
"01.04.2021 05:45 - 01.04.2021 05:46","Deficit","9.01"
"01.04.2021 05:46 - 01.04.2021 05:47","Surplus","6.92"
"01.04.2021 05:47 - 01.04.2021 05:48","Surplus","2.21"
"01.04.2021 05:48 - 01.04.2021 05:49","Surplus","2.90"
"01.04.2021 05:49 - 01.04.2021 05:50","Surplus","63.83"
"01.04.2021 05:50 - 01.04.2021 05:51","Surplus","146.63"
"01.04.2021 05:51 - 01.04.2021 05:52","Surplus","108.50"
"01.04.2021 05:52 - 01.04.2021 05:53","Surplus","114.03"
"01.04.2021 05:53 - 01.04.2021 05:54","Surplus","132.98"
"01.04.2021 05:54 - 01.04.2021 05:55","Surplus","122.06"
"01.04.2021 05:55 - 01.04.2021 05:56","Surplus","56.41"
"01.04.2021 05:56 - 01.04.2021 05:57","Surplus","88.05"
"01.04.2021 05:57 - 01.04.2021 05:58","Surplus","82.15"
"01.04.2021 05:58 - 01.04.2021 05:59","Surplus","156.59"
"01.04.2021 05:59 - 01.04.2021 06:00","Surplus","158.18"
"01.04.2021 06:00 - 01.04.2021 06:01","Surplus","89.06"
"01.04.2021 06:01 - 01.04.2021 06:02","Surplus","162.14"
"01.04.2021 06:02 - 01.04.2021 06:03","Surplus","174.24"
"01.04.2021 06:03 - 01.04.2021 06:04","Surplus","97.57"
"01.04.2021 06:04 - 01.04.2021 06:05","Deficit","33.64"
"01.04.2021 06:05 - 01.04.2021 06:06","Deficit","70.57"
"01.04.2021 06:06 - 01.04.2021 06:07","Deficit","73.68"
"01.04.2021 06:07 - 01.04.2021 06:08","Deficit","65.35"
"01.04.2021 06:08 - 01.04.2021 06:09","Deficit","85.77"
"01.04.2021 06:09 - 01.04.2021 06:10","Deficit","108.87"
"01.04.2021 06:10 - 01.04.2021 06:11","Deficit","130.02"
"01.04.2021 06:11 - 01.04.2021 06:12","Deficit","116.85"
"01.04.2021 06:12 - 01.04.2021 06:13","Deficit","108.26"
"01.04.2021 06:13 - 01.04.2021 06:14","Deficit","76.15"
"01.04.2021 06:14 - 01.04.2021 06:15","Deficit","61.02"
"01.04.2021 06:15 - 01.04.2021 06:16","Deficit","28.35"
"01.04.2021 06:16 - 01.04.2021 06:17","Surplus","10.26"
"01.04.2021 06:17 - 01.04.2021 06:18","Surplus","27.46"
"01.04.2021 06:18 - 01.04.2021 06:19","Surplus","20.37"
"01.04.2021 06:19 - 01.04.2021 06:20","Deficit","24.85"
"01.04.2021 06:20 - 01.04.2021 06:21","Deficit","19.76"
"01.04.2021 06:21 - 01.04.2021 06:22","Deficit","1.31"
"01.04.2021 06:22 - 01.04.2021 06:23","Deficit","5.57"
"01.04.2021 06:23 - 01.04.2021 06:24","Surplus","8.80"
"01.04.2021 06:24 - 01.04.2021 06:25","Deficit","3.25"
"01.04.2021 06:25 - 01.04.2021 06:26","Deficit","2.78"
"01.04.2021 06:26 - 01.04.2021 06:27","Surplus","6.98"
"01.04.2021 06:27 - 01.04.2021 06:28","Deficit","1.81"
"01.04.2021 06:28 - 01.04.2021 06:29","Surplus","0.14"
"01.04.2021 06:29 - 01.04.2021 06:30","Surplus","3.95"
"01.04.2021 06:30 - 01.04.2021 06:31","Surplus","4.04"
"01.04.2021 06:31 - 01.04.2021 06:32","Deficit","8.32"
"01.04.2021 06:32 - 01.04.2021 06:33","Surplus","9.47"
"01.04.2021 06:33 - 01.04.2021 06:34","Surplus","12.20"
"01.04.2021 06:34 - 01.04.2021 06:35","Surplus","2.52"
"01.04.2021 06:35 - 01.04.2021 06:36","Deficit","5.37"
"01.04.2021 06:36 - 01.04.2021 06:37","Deficit","1.58"
"01.04.2021 06:37 - 01.04.2021 06:38","Surplus","5.95"
"01.04.2021 06:38 - 01.04.2021 06:39","Deficit","11.28"
"01.04.2021 06:39 - 01.04.2021 06:40","Deficit","5.25"
"01.04.2021 06:40 - 01.04.2021 06:41","Deficit","3.87"
"01.04.2021 06:41 - 01.04.2021 06:42","Surplus","3.95"
"01.04.2021 06:42 - 01.04.2021 06:43","Surplus","1.98"
"01.04.2021 06:43 - 01.04.2021 06:44","Surplus","2.18"
"01.04.2021 06:44 - 01.04.2021 06:45","Deficit","0.90"
"01.04.2021 06:45 - 01.04.2021 06:46","Deficit","0.02"
"01.04.2021 06:46 - 01.04.2021 06:47","Deficit","3.44"
"01.04.2021 06:47 - 01.04.2021 06:48","Surplus","6.78"
"01.04.2021 06:48 - 01.04.2021 06:49","Deficit","0.59"
"01.04.2021 06:49 - 01.04.2021 06:50","Deficit","3.54"
"01.04.2021 06:50 - 01.04.2021 06:51","Surplus","0.95"
"01.04.2021 06:51 - 01.04.2021 06:52","Deficit","2.22"
"01.04.2021 06:52 - 01.04.2021 06:53","Surplus","1.60"
"01.04.2021 06:53 - 01.04.2021 06:54","Surplus","3.57"
"01.04.2021 06:54 - 01.04.2021 06:55","Deficit","6.28"
"01.04.2021 06:55 - 01.04.2021 06:56","Surplus","14.26"
"01.04.2021 06:56 - 01.04.2021 06:57","Surplus","6.18"
"01.04.2021 06:57 - 01.04.2021 06:58","Surplus","17.36"
"01.04.2021 06:58 - 01.04.2021 06:59","Deficit","1.52"
"01.04.2021 06:59 - 01.04.2021 07:00","Surplus","13.46"
"01.04.2021 07:00 - 01.04.2021 07:01","Deficit","1.60"
"01.04.2021 07:01 - 01.04.2021 07:02","Deficit","2.22"
"01.04.2021 07:02 - 01.04.2021 07:03","Surplus","21.85"
"01.04.2021 07:03 - 01.04.2021 07:04","Surplus","196.95"
"01.04.2021 07:04 - 01.04.2021 07:05","Surplus","316.41"
"01.04.2021 07:05 - 01.04.2021 07:06","Surplus","323.03"
"01.04.2021 07:06 - 01.04.2021 07:07","Surplus","340.77"
"01.04.2021 07:07 - 01.04.2021 07:08","Surplus","215.64"
"01.04.2021 07:08 - 01.04.2021 07:09","Surplus","66.16"
"01.04.2021 07:09 - 01.04.2021 07:10","Surplus","38.20"
"01.04.2021 07:10 - 01.04.2021 07:11","Surplus","26.68"
"01.04.2021 07:11 - 01.04.2021 07:12","Surplus","53.43"
"01.04.2021 07:12 - 01.04.2021 07:13","Deficit","18.84"
"01.04.2021 07:13 - 01.04.2021 07:14","Surplus","1.86"
"01.04.2021 07:14 - 01.04.2021 07:15","Surplus","30.67"
"01.04.2021 07:15 - 01.04.2021 07:16","Surplus","119.69"
"01.04.2021 07:16 - 01.04.2021 07:17","Surplus","158.01"
"01.04.2021 07:17 - 01.04.2021 07:18","Surplus","146.67"
"01.04.2021 07:18 - 01.04.2021 07:19","Surplus","26.98"
"01.04.2021 07:19 - 01.04.2021 07:20","Surplus","117.57"
"01.04.2021 07:20 - 01.04.2021 07:21","Surplus","18.49"
"01.04.2021 07:21 - 01.04.2021 07:22","Deficit","0.70"
"01.04.2021 07:22 - 01.04.2021 07:23","Surplus","22.60"
"01.04.2021 07:23 - 01.04.2021 07:24","Surplus","187.10"
"01.04.2021 07:24 - 01.04.2021 07:25","Surplus","177.08"
"01.04.2021 07:25 - 01.04.2021 07:26","Surplus","129.07"
"01.04.2021 07:26 - 01.04.2021 07:27","Surplus","167.11"
"01.04.2021 07:27 - 01.04.2021 07:28","Surplus","166.78"
"01.04.2021 07:28 - 01.04.2021 07:29","Surplus","178.20"
"01.04.2021 07:29 - 01.04.2021 07:30","Surplus","116.52"
"01.04.2021 07:30 - 01.04.2021 07:31","Surplus","66.18"
"01.04.2021 07:31 - 01.04.2021 07:32","Surplus","10.30"
"01.04.2021 07:32 - 01.04.2021 07:33","Deficit","6.49"
"01.04.2021 07:33 - 01.04.2021 07:34","Surplus","20.39"
"01.04.2021 07:34 - 01.04.2021 07:35","Deficit","22.22"
"01.04.2021 07:35 - 01.04.2021 07:36","Deficit","55.34"
"01.04.2021 07:36 - 01.04.2021 07:37","Deficit","131.12"
"01.04.2021 07:37 - 01.04.2021 07:38","Deficit","97.75"
"01.04.2021 07:38 - 01.04.2021 07:39","Deficit","95.24"
"01.04.2021 07:39 - 01.04.2021 07:40","Deficit","100.23"
"01.04.2021 07:40 - 01.04.2021 07:41","Deficit","92.28"
"01.04.2021 07:41 - 01.04.2021 07:42","Deficit","71.28"
"01.04.2021 07:42 - 01.04.2021 07:43","Deficit","17.45"
"01.04.2021 07:43 - 01.04.2021 07:44","Deficit","22.07"
"01.04.2021 07:44 - 01.04.2021 07:45","Deficit","35.38"
"01.04.2021 07:45 - 01.04.2021 07:46","Deficit","20.92"
"01.04.2021 07:46 - 01.04.2021 07:47","Deficit","14.27"
"01.04.2021 07:47 - 01.04.2021 07:48","Deficit","20.08"
"01.04.2021 07:48 - 01.04.2021 07:49","Deficit","14.44"
"01.04.2021 07:49 - 01.04.2021 07:50","Deficit","8.35"
"01.04.2021 07:50 - 01.04.2021 07:51","Surplus","4.14"
"01.04.2021 07:51 - 01.04.2021 07:52","Surplus","4.81"
"01.04.2021 07:52 - 01.04.2021 07:53","Deficit","0.30"
"01.04.2021 07:53 - 01.04.2021 07:54","Surplus","27.26"
"01.04.2021 07:54 - 01.04.2021 07:55","Surplus","6.18"
"01.04.2021 07:55 - 01.04.2021 07:56","Deficit","7.56"
"01.04.2021 07:56 - 01.04.2021 07:57","Deficit","5.48"
"01.04.2021 07:57 - 01.04.2021 07:58","Deficit","2.64"
"01.04.2021 07:58 - 01.04.2021 07:59","Deficit","26.70"
"01.04.2021 07:59 - 01.04.2021 08:00","Deficit","25.52"
"01.04.2021 08:00 - 01.04.2021 08:01","Deficit","49.65"
"01.04.2021 08:01 - 01.04.2021 08:02","Deficit","34.93"
"01.04.2021 08:02 - 01.04.2021 08:03","Deficit","46.32"
"01.04.2021 08:03 - 01.04.2021 08:04","Deficit","76.97"
"01.04.2021 08:04 - 01.04.2021 08:05","Deficit","76.01"
"01.04.2021 08:05 - 01.04.2021 08:06","Deficit","67.10"
"01.04.2021 08:06 - 01.04.2021 08:07","Deficit","86.70"
"01.04.2021 08:07 - 01.04.2021 08:08","Deficit","92.16"
"01.04.2021 08:08 - 01.04.2021 08:09","Deficit","105.30"
"01.04.2021 08:09 - 01.04.2021 08:10","Deficit","114.79"
"01.04.2021 08:10 - 01.04.2021 08:11","Deficit","45.97"
"01.04.2021 08:11 - 01.04.2021 08:12","Surplus","49.81"
"01.04.2021 08:12 - 01.04.2021 08:13","Surplus","30.78"
"01.04.2021 08:13 - 01.04.2021 08:14","Surplus","16.22"
"01.04.2021 08:14 - 01.04.2021 08:15","Surplus","52.39"
"01.04.2021 08:15 - 01.04.2021 08:16","Surplus","56.08"
"01.04.2021 08:16 - 01.04.2021 08:17","Surplus","13.99"
"01.04.2021 08:17 - 01.04.2021 08:18","Deficit","2.21"
"01.04.2021 08:18 - 01.04.2021 08:19","Surplus","39.66"
"01.04.2021 08:19 - 01.04.2021 08:20","Surplus","31.99"
"01.04.2021 08:20 - 01.04.2021 08:21","Surplus","37.60"
"01.04.2021 08:21 - 01.04.2021 08:22","Surplus","39.15"
"01.04.2021 08:22 - 01.04.2021 08:23","Surplus","16.63"
"01.04.2021 08:23 - 01.04.2021 08:24","Surplus","29.82"
"01.04.2021 08:24 - 01.04.2021 08:25","Surplus","22.59"
"01.04.2021 08:25 - 01.04.2021 08:26","Surplus","12.58"
"01.04.2021 08:26 - 01.04.2021 08:27","Surplus","18.39"
"01.04.2021 08:27 - 01.04.2021 08:28","Surplus","9.25"
"01.04.2021 08:28 - 01.04.2021 08:29","Surplus","3.24"
"01.04.2021 08:29 - 01.04.2021 08:30","Surplus","11.84"
"01.04.2021 08:30 - 01.04.2021 08:31","Surplus","4.48"
"01.04.2021 08:31 - 01.04.2021 08:32","Surplus","0.99"
"01.04.2021 08:32 - 01.04.2021 08:33","Deficit","4.45"
"01.04.2021 08:33 - 01.04.2021 08:34","Surplus","15.15"
"01.04.2021 08:34 - 01.04.2021 08:35","Deficit","1.17"
"01.04.2021 08:35 - 01.04.2021 08:36","Surplus","0.54"
"01.04.2021 08:36 - 01.04.2021 08:37","Surplus","11.83"
"01.04.2021 08:37 - 01.04.2021 08:38","Surplus","15.59"
"01.04.2021 08:38 - 01.04.2021 08:39","Surplus","18.86"
"01.04.2021 08:39 - 01.04.2021 08:40","Surplus","40.46"
"01.04.2021 08:40 - 01.04.2021 08:41","Surplus","34.41"
"01.04.2021 08:41 - 01.04.2021 08:42","Surplus","54.64"
"01.04.2021 08:42 - 01.04.2021 08:43","Surplus","49.91"
"01.04.2021 08:43 - 01.04.2021 08:44","Surplus","67.36"
"01.04.2021 08:44 - 01.04.2021 08:45","Surplus","51.30"
"01.04.2021 08:45 - 01.04.2021 08:46","Surplus","108.56"
"01.04.2021 08:46 - 01.04.2021 08:47","Surplus","103.86"
"01.04.2021 08:47 - 01.04.2021 08:48","Surplus","110.03"
"01.04.2021 08:48 - 01.04.2021 08:49","Surplus","75.86"
"01.04.2021 08:49 - 01.04.2021 08:50","Surplus","117.22"
"01.04.2021 08:50 - 01.04.2021 08:51","Surplus","84.14"
"01.04.2021 08:51 - 01.04.2021 08:52","Surplus","77.63"
"01.04.2021 08:52 - 01.04.2021 08:53","Surplus","61.77"
"01.04.2021 08:53 - 01.04.2021 08:54","Surplus","69.70"
"01.04.2021 08:54 - 01.04.2021 08:55","Surplus","15.35"
"01.04.2021 08:55 - 01.04.2021 08:56","Deficit","82.71"
"01.04.2021 08:56 - 01.04.2021 08:57","Deficit","151.29"
"01.04.2021 08:57 - 01.04.2021 08:58","Deficit","122.00"
"01.04.2021 08:58 - 01.04.2021 08:59","Deficit","112.58"
"01.04.2021 08:59 - 01.04.2021 09:00","Deficit","71.21"
"01.04.2021 09:00 - 01.04.2021 09:01","Deficit","336.89"
"01.04.2021 09:01 - 01.04.2021 09:02","Deficit","557.49"
"01.04.2021 09:02 - 01.04.2021 09:03","Deficit","596.51"
"01.04.2021 09:03 - 01.04.2021 09:04","Deficit","624.53"
"01.04.2021 09:04 - 01.04.2021 09:05","Deficit","609.83"
"01.04.2021 09:05 - 01.04.2021 09:06","Deficit","632.71"
"01.04.2021 09:06 - 01.04.2021 09:07","Deficit","539.90"
"01.04.2021 09:07 - 01.04.2021 09:08","Deficit","339.59"
"01.04.2021 09:08 - 01.04.2021 09:09","Deficit","103.03"
"01.04.2021 09:09 - 01.04.2021 09:10","Deficit","78.72"
"01.04.2021 09:10 - 01.04.2021 09:11","Surplus","11.43"
"01.04.2021 09:11 - 01.04.2021 09:12","Surplus","94.73"
"01.04.2021 09:12 - 01.04.2021 09:13","Surplus","74.98"
"01.04.2021 09:13 - 01.04.2021 09:14","Surplus","165.45"
"01.04.2021 09:14 - 01.04.2021 09:15","Surplus","148.86"
"01.04.2021 09:15 - 01.04.2021 09:16","Surplus","90.45"
"01.04.2021 09:16 - 01.04.2021 09:17","Deficit","89.57"
"01.04.2021 09:17 - 01.04.2021 09:18","Deficit","187.21"
"01.04.2021 09:18 - 01.04.2021 09:19","Deficit","180.03"
"01.04.2021 09:19 - 01.04.2021 09:20","Deficit","182.20"
"01.04.2021 09:20 - 01.04.2021 09:21","Deficit","133.74"
"01.04.2021 09:21 - 01.04.2021 09:22","Deficit","45.32"
"01.04.2021 09:22 - 01.04.2021 09:23","Surplus","66.93"
"01.04.2021 09:23 - 01.04.2021 09:24","Surplus","107.15"
"01.04.2021 09:24 - 01.04.2021 09:25","Surplus","102.35"
"01.04.2021 09:25 - 01.04.2021 09:26","Surplus","90.94"
"01.04.2021 09:26 - 01.04.2021 09:27","Surplus","61.34"
"01.04.2021 09:27 - 01.04.2021 09:28","Surplus","51.04"
"01.04.2021 09:28 - 01.04.2021 09:29","Surplus","31.08"
"01.04.2021 09:29 - 01.04.2021 09:30","Surplus","35.03"
"01.04.2021 09:30 - 01.04.2021 09:31","Surplus","3.20"
"01.04.2021 09:31 - 01.04.2021 09:32","Surplus","1.54"
"01.04.2021 09:32 - 01.04.2021 09:33","Surplus","6.10"
"01.04.2021 09:33 - 01.04.2021 09:34","Surplus","1.83"
"01.04.2021 09:34 - 01.04.2021 09:35","Surplus","7.39"
"01.04.2021 09:35 - 01.04.2021 09:36","Surplus","15.30"
"01.04.2021 09:36 - 01.04.2021 09:37","Surplus","56.45"
"01.04.2021 09:37 - 01.04.2021 09:38","Surplus","55.25"
"01.04.2021 09:38 - 01.04.2021 09:39","Surplus","51.70"
"01.04.2021 09:39 - 01.04.2021 09:40","Surplus","119.64"
"01.04.2021 09:40 - 01.04.2021 09:41","Surplus","123.20"
"01.04.2021 09:41 - 01.04.2021 09:42","Surplus","115.26"
"01.04.2021 09:42 - 01.04.2021 09:43","Surplus","95.27"
"01.04.2021 09:43 - 01.04.2021 09:44","Surplus","95.87"
"01.04.2021 09:44 - 01.04.2021 09:45","Surplus","166.06"
"01.04.2021 09:45 - 01.04.2021 09:46","Surplus","202.06"
"01.04.2021 09:46 - 01.04.2021 09:47","Surplus","187.42"
"01.04.2021 09:47 - 01.04.2021 09:48","Surplus","155.20"
"01.04.2021 09:48 - 01.04.2021 09:49","Surplus","174.86"
"01.04.2021 09:49 - 01.04.2021 09:50","Surplus","156.56"
"01.04.2021 09:50 - 01.04.2021 09:51","Surplus","125.18"
"01.04.2021 09:51 - 01.04.2021 09:52","Surplus","99.81"
"01.04.2021 09:52 - 01.04.2021 09:53","Surplus","22.23"
"01.04.2021 09:53 - 01.04.2021 09:54","Deficit","5.17"
"01.04.2021 09:54 - 01.04.2021 09:55","Deficit","14.74"
"01.04.2021 09:55 - 01.04.2021 09:56","Deficit","92.39"
"01.04.2021 09:56 - 01.04.2021 09:57","Deficit","66.18"
"01.04.2021 09:57 - 01.04.2021 09:58","Deficit","36.15"
"01.04.2021 09:58 - 01.04.2021 09:59","Deficit","36.23"
"01.04.2021 09:59 - 01.04.2021 10:00","Deficit","55.81"
"01.04.2021 10:00 - 01.04.2021 10:01","Deficit","135.91"
"01.04.2021 10:01 - 01.04.2021 10:02","Deficit","131.49"
"01.04.2021 10:02 - 01.04.2021 10:03","Deficit","107.25"
"01.04.2021 10:03 - 01.04.2021 10:04","Deficit","85.31"
"01.04.2021 10:04 - 01.04.2021 10:05","Deficit","94.89"
"01.04.2021 10:05 - 01.04.2021 10:06","Deficit","93.87"
"01.04.2021 10:06 - 01.04.2021 10:07","Deficit","112.06"
"01.04.2021 10:07 - 01.04.2021 10:08","Deficit","75.75"
"01.04.2021 10:08 - 01.04.2021 10:09","Deficit","29.07"
"01.04.2021 10:09 - 01.04.2021 10:10","Deficit","12.74"
"01.04.2021 10:10 - 01.04.2021 10:11","Deficit","9.75"
"01.04.2021 10:11 - 01.04.2021 10:12","Surplus","11.18"
"01.04.2021 10:12 - 01.04.2021 10:13","Surplus","11.79"
"01.04.2021 10:13 - 01.04.2021 10:14","Surplus","49.92"
"01.04.2021 10:14 - 01.04.2021 10:15","Surplus","83.85"
"01.04.2021 10:15 - 01.04.2021 10:16","Surplus","102.23"
"01.04.2021 10:16 - 01.04.2021 10:17","Surplus","12.02"
"01.04.2021 10:17 - 01.04.2021 10:18","Surplus","2.01"
"01.04.2021 10:18 - 01.04.2021 10:19","Deficit","3.08"
"01.04.2021 10:19 - 01.04.2021 10:20","Surplus","1.58"
"01.04.2021 10:20 - 01.04.2021 10:21","Surplus","10.85"
"01.04.2021 10:21 - 01.04.2021 10:22","Surplus","62.58"
"01.04.2021 10:22 - 01.04.2021 10:23","Surplus","93.68"
"01.04.2021 10:23 - 01.04.2021 10:24","Surplus","113.55"
"01.04.2021 10:24 - 01.04.2021 10:25","Surplus","145.37"
"01.04.2021 10:25 - 01.04.2021 10:26","Surplus","143.80"
"01.04.2021 10:26 - 01.04.2021 10:27","Surplus","139.79"
"01.04.2021 10:27 - 01.04.2021 10:28","Surplus","110.64"
"01.04.2021 10:28 - 01.04.2021 10:29","Surplus","52.35"
"01.04.2021 10:29 - 01.04.2021 10:30","Surplus","20.72"
"01.04.2021 10:30 - 01.04.2021 10:31","Deficit","11.49"
"01.04.2021 10:31 - 01.04.2021 10:32","Deficit","83.20"
"01.04.2021 10:32 - 01.04.2021 10:33","Deficit","126.49"
"01.04.2021 10:33 - 01.04.2021 10:34","Deficit","53.90"
"01.04.2021 10:34 - 01.04.2021 10:35","Deficit","14.85"
"01.04.2021 10:35 - 01.04.2021 10:36","Deficit","20.90"
"01.04.2021 10:36 - 01.04.2021 10:37","Deficit","4.07"
"01.04.2021 10:37 - 01.04.2021 10:38","Surplus","3.26"
"01.04.2021 10:38 - 01.04.2021 10:39","Surplus","17.01"
"01.04.2021 10:39 - 01.04.2021 10:40","Deficit","2.67"
"01.04.2021 10:40 - 01.04.2021 10:41","Deficit","12.96"
"01.04.2021 10:41 - 01.04.2021 10:42","Surplus","18.11"
"01.04.2021 10:42 - 01.04.2021 10:43","Surplus","14.96"
"01.04.2021 10:43 - 01.04.2021 10:44","Surplus","16.90"
"01.04.2021 10:44 - 01.04.2021 10:45","Surplus","13.06"
"01.04.2021 10:45 - 01.04.2021 10:46","Surplus","83.83"
"01.04.2021 10:46 - 01.04.2021 10:47","Surplus","60.66"
"01.04.2021 10:47 - 01.04.2021 10:48","Surplus","63.63"
"01.04.2021 10:48 - 01.04.2021 10:49","Surplus","75.95"
"01.04.2021 10:49 - 01.04.2021 10:50","Surplus","81.13"
"01.04.2021 10:50 - 01.04.2021 10:51","Surplus","76.61"
"01.04.2021 10:51 - 01.04.2021 10:52","Surplus","35.06"
"01.04.2021 10:52 - 01.04.2021 10:53","Surplus","18.19"
"01.04.2021 10:53 - 01.04.2021 10:54","Deficit","18.87"
"01.04.2021 10:54 - 01.04.2021 10:55","Deficit","22.12"
"01.04.2021 10:55 - 01.04.2021 10:56","Deficit","27.52"
"01.04.2021 10:56 - 01.04.2021 10:57","Deficit","3.78"
"01.04.2021 10:57 - 01.04.2021 10:58","Surplus","16.68"
"01.04.2021 10:58 - 01.04.2021 10:59","Surplus","60.90"
"01.04.2021 10:59 - 01.04.2021 11:00","Surplus","110.60"
"01.04.2021 11:00 - 01.04.2021 11:01","Surplus","72.44"
"01.04.2021 11:01 - 01.04.2021 11:02","Surplus","83.99"
"01.04.2021 11:02 - 01.04.2021 11:03","Surplus","80.23"
"01.04.2021 11:03 - 01.04.2021 11:04","Surplus","74.69"
"01.04.2021 11:04 - 01.04.2021 11:05","Deficit","12.83"
"01.04.2021 11:05 - 01.04.2021 11:06","Deficit","47.39"
"01.04.2021 11:06 - 01.04.2021 11:07","Deficit","33.42"
"01.04.2021 11:07 - 01.04.2021 11:08","Deficit","15.33"
"01.04.2021 11:08 - 01.04.2021 11:09","Surplus","6.95"
"01.04.2021 11:09 - 01.04.2021 11:10","Surplus","16.59"
"01.04.2021 11:10 - 01.04.2021 11:11","Surplus","58.55"
"01.04.2021 11:11 - 01.04.2021 11:12","Surplus","113.42"
"01.04.2021 11:12 - 01.04.2021 11:13","Surplus","165.47"
"01.04.2021 11:13 - 01.04.2021 11:14","Surplus","189.39"
"01.04.2021 11:14 - 01.04.2021 11:15","Surplus","183.15"
"01.04.2021 11:15 - 01.04.2021 11:16","Surplus","290.19"
"01.04.2021 11:16 - 01.04.2021 11:17","Surplus","279.77"
"01.04.2021 11:17 - 01.04.2021 11:18","Surplus","266.26"
"01.04.2021 11:18 - 01.04.2021 11:19","Surplus","263.03"
"01.04.2021 11:19 - 01.04.2021 11:20","Surplus","199.91"
"01.04.2021 11:20 - 01.04.2021 11:21","Surplus","145.79"
"01.04.2021 11:21 - 01.04.2021 11:22","Surplus","132.54"
"01.04.2021 11:22 - 01.04.2021 11:23","Surplus","20.00"
"01.04.2021 11:23 - 01.04.2021 11:24","Deficit","120.89"
"01.04.2021 11:24 - 01.04.2021 11:25","Deficit","147.18"
"01.04.2021 11:25 - 01.04.2021 11:26","Deficit","152.67"
"01.04.2021 11:26 - 01.04.2021 11:27","Deficit","116.94"
"01.04.2021 11:27 - 01.04.2021 11:28","Deficit","67.73"
"01.04.2021 11:28 - 01.04.2021 11:29","Deficit","58.08"
"01.04.2021 11:29 - 01.04.2021 11:30","Surplus","38.34"
"01.04.2021 11:30 - 01.04.2021 11:31","Surplus","162.55"
"01.04.2021 11:31 - 01.04.2021 11:32","Surplus","183.92"
"01.04.2021 11:32 - 01.04.2021 11:33","Surplus","211.56"
"01.04.2021 11:33 - 01.04.2021 11:34","Surplus","290.70"
"01.04.2021 11:34 - 01.04.2021 11:35","Surplus","354.30"
"01.04.2021 11:35 - 01.04.2021 11:36","Surplus","342.15"
"01.04.2021 11:36 - 01.04.2021 11:37","Surplus","242.28"
"01.04.2021 11:37 - 01.04.2021 11:38","Surplus","223.21"
"01.04.2021 11:38 - 01.04.2021 11:39","Surplus","119.11"
"01.04.2021 11:39 - 01.04.2021 11:40","Surplus","18.05"
"01.04.2021 11:40 - 01.04.2021 11:41","Deficit","55.87"
"01.04.2021 11:41 - 01.04.2021 11:42","Deficit","70.19"
"01.04.2021 11:42 - 01.04.2021 11:43","Deficit","4.83"
"01.04.2021 11:43 - 01.04.2021 11:44","Deficit","8.70"
"01.04.2021 11:44 - 01.04.2021 11:45","Surplus","22.84"
"01.04.2021 11:45 - 01.04.2021 11:46","Surplus","210.01"
"01.04.2021 11:46 - 01.04.2021 11:47","Surplus","234.19"
"01.04.2021 11:47 - 01.04.2021 11:48","Surplus","256.37"
"01.04.2021 11:48 - 01.04.2021 11:49","Surplus","189.48"
"01.04.2021 11:49 - 01.04.2021 11:50","Surplus","122.56"
"01.04.2021 11:50 - 01.04.2021 11:51","Surplus","120.96"
"01.04.2021 11:51 - 01.04.2021 11:52","Surplus","60.21"
"01.04.2021 11:52 - 01.04.2021 11:53","Surplus","23.56"
"01.04.2021 11:53 - 01.04.2021 11:54","Deficit","46.70"
"01.04.2021 11:54 - 01.04.2021 11:55","Deficit","78.24"
"01.04.2021 11:55 - 01.04.2021 11:56","Deficit","103.11"
"01.04.2021 11:56 - 01.04.2021 11:57","Deficit","95.22"
"01.04.2021 11:57 - 01.04.2021 11:58","Deficit","125.35"
"01.04.2021 11:58 - 01.04.2021 11:59","Deficit","58.38"
"01.04.2021 11:59 - 01.04.2021 12:00","Deficit","51.70"
"01.04.2021 12:00 - 01.04.2021 12:01","Deficit","107.85"
"01.04.2021 12:01 - 01.04.2021 12:02","Deficit","127.57"
"01.04.2021 12:02 - 01.04.2021 12:03","Deficit","113.44"
"01.04.2021 12:03 - 01.04.2021 12:04","Deficit","120.42"
"01.04.2021 12:04 - 01.04.2021 12:05","Deficit","128.19"
"01.04.2021 12:05 - 01.04.2021 12:06","Deficit","113.93"
"01.04.2021 12:06 - 01.04.2021 12:07","Deficit","94.06"
"01.04.2021 12:07 - 01.04.2021 12:08","Deficit","65.43"
"01.04.2021 12:08 - 01.04.2021 12:09","Deficit","34.71"
"01.04.2021 12:09 - 01.04.2021 12:10","Deficit","52.61"
"01.04.2021 12:10 - 01.04.2021 12:11","Deficit","25.40"
"01.04.2021 12:11 - 01.04.2021 12:12","Surplus","22.46"
"01.04.2021 12:12 - 01.04.2021 12:13","Surplus","52.68"
"01.04.2021 12:13 - 01.04.2021 12:14","Surplus","64.75"
"01.04.2021 12:14 - 01.04.2021 12:15","Surplus","155.53"
"01.04.2021 12:15 - 01.04.2021 12:16","Surplus","190.04"
"01.04.2021 12:16 - 01.04.2021 12:17","Surplus","179.70"
"01.04.2021 12:17 - 01.04.2021 12:18","Surplus","162.47"
"01.04.2021 12:18 - 01.04.2021 12:19","Surplus","184.38"
"01.04.2021 12:19 - 01.04.2021 12:20","Surplus","222.70"
"01.04.2021 12:20 - 01.04.2021 12:21","Surplus","236.70"
"01.04.2021 12:21 - 01.04.2021 12:22","Surplus","254.36"
"01.04.2021 12:22 - 01.04.2021 12:23","Surplus","270.17"
"01.04.2021 12:23 - 01.04.2021 12:24","Surplus","238.99"
"01.04.2021 12:24 - 01.04.2021 12:25","Surplus","147.82"
"01.04.2021 12:25 - 01.04.2021 12:26","Surplus","74.97"
"01.04.2021 12:26 - 01.04.2021 12:27","Surplus","47.18"
"01.04.2021 12:27 - 01.04.2021 12:28","Deficit","7.76"
"01.04.2021 12:28 - 01.04.2021 12:29","Deficit","72.71"
"01.04.2021 12:29 - 01.04.2021 12:30","Deficit","42.16"
"01.04.2021 12:30 - 01.04.2021 12:31","Surplus","46.97"
"01.04.2021 12:31 - 01.04.2021 12:32","Surplus","44.59"
"01.04.2021 12:32 - 01.04.2021 12:33","Surplus","105.98"
"01.04.2021 12:33 - 01.04.2021 12:34","Surplus","155.73"
"01.04.2021 12:34 - 01.04.2021 12:35","Surplus","114.00"
"01.04.2021 12:35 - 01.04.2021 12:36","Surplus","125.28"
"01.04.2021 12:36 - 01.04.2021 12:37","Surplus","57.07"
"01.04.2021 12:37 - 01.04.2021 12:38","Deficit","10.55"
"01.04.2021 12:38 - 01.04.2021 12:39","Deficit","18.32"
"01.04.2021 12:39 - 01.04.2021 12:40","Surplus","66.05"
"01.04.2021 12:40 - 01.04.2021 12:41","Surplus","35.17"
"01.04.2021 12:41 - 01.04.2021 12:42","Surplus","25.84"
"01.04.2021 12:42 - 01.04.2021 12:43","Surplus","48.65"
"01.04.2021 12:43 - 01.04.2021 12:44","Surplus","66.71"
"01.04.2021 12:44 - 01.04.2021 12:45","Surplus","92.69"
"01.04.2021 12:45 - 01.04.2021 12:46","Surplus","153.70"
"01.04.2021 12:46 - 01.04.2021 12:47","Surplus","117.96"
"01.04.2021 12:47 - 01.04.2021 12:48","Surplus","90.71"
"01.04.2021 12:48 - 01.04.2021 12:49","Surplus","60.53"
"01.04.2021 12:49 - 01.04.2021 12:50","Surplus","20.50"
"01.04.2021 12:50 - 01.04.2021 12:51","Surplus","9.34"
"01.04.2021 12:51 - 01.04.2021 12:52","Deficit","13.04"
"01.04.2021 12:52 - 01.04.2021 12:53","Deficit","73.10"
"01.04.2021 12:53 - 01.04.2021 12:54","Deficit","89.65"
"01.04.2021 12:54 - 01.04.2021 12:55","Deficit","105.56"
"01.04.2021 12:55 - 01.04.2021 12:56","Deficit","113.94"
"01.04.2021 12:56 - 01.04.2021 12:57","Deficit","79.68"
"01.04.2021 12:57 - 01.04.2021 12:58","Deficit","70.19"
"01.04.2021 12:58 - 01.04.2021 12:59","Deficit","65.00"
"01.04.2021 12:59 - 01.04.2021 13:00","Deficit","58.93"
"01.04.2021 13:00 - 01.04.2021 13:01","Deficit","26.54"
"01.04.2021 13:01 - 01.04.2021 13:02","Deficit","18.46"
"01.04.2021 13:02 - 01.04.2021 13:03","Deficit","20.46"
"01.04.2021 13:03 - 01.04.2021 13:04","Surplus","22.87"
"01.04.2021 13:04 - 01.04.2021 13:05","Deficit","48.71"
"01.04.2021 13:05 - 01.04.2021 13:06","Deficit","56.63"
"01.04.2021 13:06 - 01.04.2021 13:07","Deficit","32.72"
"01.04.2021 13:07 - 01.04.2021 13:08","Surplus","6.05"
"01.04.2021 13:08 - 01.04.2021 13:09","Deficit","10.21"
"01.04.2021 13:09 - 01.04.2021 13:10","Deficit","64.82"
"01.04.2021 13:10 - 01.04.2021 13:11","Deficit","134.02"
"01.04.2021 13:11 - 01.04.2021 13:12","Deficit","78.02"
"01.04.2021 13:12 - 01.04.2021 13:13","Surplus","16.59"
"01.04.2021 13:13 - 01.04.2021 13:14","Deficit","18.57"
"01.04.2021 13:14 - 01.04.2021 13:15","Deficit","33.75"
"01.04.2021 13:15 - 01.04.2021 13:16","Surplus","22.75"
"01.04.2021 13:16 - 01.04.2021 13:17","Surplus","73.26"
"01.04.2021 13:17 - 01.04.2021 13:18","Surplus","115.07"
"01.04.2021 13:18 - 01.04.2021 13:19","Surplus","98.04"
"01.04.2021 13:19 - 01.04.2021 13:20","Surplus","42.02"
"01.04.2021 13:20 - 01.04.2021 13:21","Surplus","7.43"
"01.04.2021 13:21 - 01.04.2021 13:22","Surplus","29.98"
"01.04.2021 13:22 - 01.04.2021 13:23","Surplus","92.49"
"01.04.2021 13:23 - 01.04.2021 13:24","Surplus","39.71"
"01.04.2021 13:24 - 01.04.2021 13:25","Surplus","63.59"
"01.04.2021 13:25 - 01.04.2021 13:26","Surplus","15.68"
"01.04.2021 13:26 - 01.04.2021 13:27","Surplus","63.09"
"01.04.2021 13:27 - 01.04.2021 13:28","Surplus","58.69"
"01.04.2021 13:28 - 01.04.2021 13:29","Surplus","98.09"
"01.04.2021 13:29 - 01.04.2021 13:30","Surplus","98.54"
"01.04.2021 13:30 - 01.04.2021 13:31","Surplus","70.76"
"01.04.2021 13:31 - 01.04.2021 13:32","Surplus","84.74"
"01.04.2021 13:32 - 01.04.2021 13:33","Surplus","21.03"
"01.04.2021 13:33 - 01.04.2021 13:34","Surplus","31.11"
"01.04.2021 13:34 - 01.04.2021 13:35","Surplus","19.19"
"01.04.2021 13:35 - 01.04.2021 13:36","Surplus","18.67"
"01.04.2021 13:36 - 01.04.2021 13:37","Deficit","6.44"
"01.04.2021 13:37 - 01.04.2021 13:38","Surplus","4.03"
"01.04.2021 13:38 - 01.04.2021 13:39","Deficit","76.90"
"01.04.2021 13:39 - 01.04.2021 13:40","Deficit","39.91"
"01.04.2021 13:40 - 01.04.2021 13:41","Deficit","46.84"
"01.04.2021 13:41 - 01.04.2021 13:42","Deficit","70.29"
"01.04.2021 13:42 - 01.04.2021 13:43","Deficit","23.55"
"01.04.2021 13:43 - 01.04.2021 13:44","Surplus","29.96"
"01.04.2021 13:44 - 01.04.2021 13:45","Surplus","46.30"
"01.04.2021 13:45 - 01.04.2021 13:46","Surplus","97.30"
"01.04.2021 13:46 - 01.04.2021 13:47","Surplus","75.33"
"01.04.2021 13:47 - 01.04.2021 13:48","Surplus","92.71"
"01.04.2021 13:48 - 01.04.2021 13:49","Surplus","90.56"
"01.04.2021 13:49 - 01.04.2021 13:50","Surplus","105.98"
"01.04.2021 13:50 - 01.04.2021 13:51","Surplus","103.41"
"01.04.2021 13:51 - 01.04.2021 13:52","Surplus","72.32"
"01.04.2021 13:52 - 01.04.2021 13:53","Surplus","27.81"
"01.04.2021 13:53 - 01.04.2021 13:54","Deficit","1.78"
"01.04.2021 13:54 - 01.04.2021 13:55","Deficit","30.32"
"01.04.2021 13:55 - 01.04.2021 13:56","Deficit","32.50"
"01.04.2021 13:56 - 01.04.2021 13:57","Surplus","68.54"
"01.04.2021 13:57 - 01.04.2021 13:58","Surplus","103.70"
"01.04.2021 13:58 - 01.04.2021 13:59","Surplus","131.83"
"01.04.2021 13:59 - 01.04.2021 14:00","Surplus","180.95"
"01.04.2021 14:00 - 01.04.2021 14:01","Surplus","172.17"
"01.04.2021 14:01 - 01.04.2021 14:02","Surplus","99.54"
"01.04.2021 14:02 - 01.04.2021 14:03","Surplus","100.82"
"01.04.2021 14:03 - 01.04.2021 14:04","Surplus","26.44"
"01.04.2021 14:04 - 01.04.2021 14:05","Deficit","40.51"
"01.04.2021 14:05 - 01.04.2021 14:06","Deficit","39.17"
"01.04.2021 14:06 - 01.04.2021 14:07","Deficit","55.60"
"01.04.2021 14:07 - 01.04.2021 14:08","Deficit","54.95"
"01.04.2021 14:08 - 01.04.2021 14:09","Deficit","58.78"
"01.04.2021 14:09 - 01.04.2021 14:10","Deficit","86.04"
"01.04.2021 14:10 - 01.04.2021 14:11","Deficit","58.00"
"01.04.2021 14:11 - 01.04.2021 14:12","Deficit","42.14"
"01.04.2021 14:12 - 01.04.2021 14:13","Deficit","40.83"
"01.04.2021 14:13 - 01.04.2021 14:14","Deficit","42.62"
"01.04.2021 14:14 - 01.04.2021 14:15","Deficit","14.83"
"01.04.2021 14:15 - 01.04.2021 14:16","Surplus","100.95"
"01.04.2021 14:16 - 01.04.2021 14:17","Surplus","127.73"
"01.04.2021 14:17 - 01.04.2021 14:18","Surplus","167.39"
"01.04.2021 14:18 - 01.04.2021 14:19","Surplus","168.34"
"01.04.2021 14:19 - 01.04.2021 14:20","Surplus","139.66"
"01.04.2021 14:20 - 01.04.2021 14:21","Surplus","215.54"
"01.04.2021 14:21 - 01.04.2021 14:22","Surplus","198.26"
"01.04.2021 14:22 - 01.04.2021 14:23","Surplus","58.79"
"01.04.2021 14:23 - 01.04.2021 14:24","Surplus","32.12"
"01.04.2021 14:24 - 01.04.2021 14:25","Deficit","34.02"
"01.04.2021 14:25 - 01.04.2021 14:26","Deficit","75.58"
"01.04.2021 14:26 - 01.04.2021 14:27","Deficit","99.91"
"01.04.2021 14:27 - 01.04.2021 14:28","Deficit","76.39"
"01.04.2021 14:28 - 01.04.2021 14:29","Deficit","45.45"
"01.04.2021 14:29 - 01.04.2021 14:30","Deficit","33.08"
"01.04.2021 14:30 - 01.04.2021 14:31","Surplus","15.45"
"01.04.2021 14:31 - 01.04.2021 14:32","Deficit","21.41"
"01.04.2021 14:32 - 01.04.2021 14:33","Surplus","24.38"
"01.04.2021 14:33 - 01.04.2021 14:34","Surplus","71.78"
"01.04.2021 14:34 - 01.04.2021 14:35","Surplus","48.59"
"01.04.2021 14:35 - 01.04.2021 14:36","Surplus","42.10"
"01.04.2021 14:36 - 01.04.2021 14:37","Surplus","70.90"
"01.04.2021 14:37 - 01.04.2021 14:38","Surplus","102.80"
"01.04.2021 14:38 - 01.04.2021 14:39","Surplus","22.62"
"01.04.2021 14:39 - 01.04.2021 14:40","Deficit","9.41"
"01.04.2021 14:40 - 01.04.2021 14:41","Deficit","36.97"
"01.04.2021 14:41 - 01.04.2021 14:42","Deficit","22.48"
"01.04.2021 14:42 - 01.04.2021 14:43","Deficit","93.54"
"01.04.2021 14:43 - 01.04.2021 14:44","Deficit","72.07"
"01.04.2021 14:44 - 01.04.2021 14:45","Deficit","41.87"
"01.04.2021 14:45 - 01.04.2021 14:46","Deficit","10.73"
"01.04.2021 14:46 - 01.04.2021 14:47","Deficit","38.35"
"01.04.2021 14:47 - 01.04.2021 14:48","Deficit","40.92"
"01.04.2021 14:48 - 01.04.2021 14:49","Surplus","35.58"
"01.04.2021 14:49 - 01.04.2021 14:50","Deficit","65.73"
"01.04.2021 14:50 - 01.04.2021 14:51","Deficit","47.01"
"01.04.2021 14:51 - 01.04.2021 14:52","Deficit","33.75"
"01.04.2021 14:52 - 01.04.2021 14:53","Surplus","46.82"
"01.04.2021 14:53 - 01.04.2021 14:54","Surplus","76.93"
"01.04.2021 14:54 - 01.04.2021 14:55","Surplus","94.10"
"01.04.2021 14:55 - 01.04.2021 14:56","Surplus","59.87"
"01.04.2021 14:56 - 01.04.2021 14:57","Surplus","79.47"
"01.04.2021 14:57 - 01.04.2021 14:58","Surplus","78.23"
"01.04.2021 14:58 - 01.04.2021 14:59","Surplus","55.82"
"01.04.2021 14:59 - 01.04.2021 15:00","Deficit","6.35"
"01.04.2021 15:00 - 01.04.2021 15:01","Deficit","32.44"
"01.04.2021 15:01 - 01.04.2021 15:02","Deficit","14.43"
"01.04.2021 15:02 - 01.04.2021 15:03","Surplus","6.09"
"01.04.2021 15:03 - 01.04.2021 15:04","Deficit","27.55"
"01.04.2021 15:04 - 01.04.2021 15:05","Deficit","59.34"
"01.04.2021 15:05 - 01.04.2021 15:06","Deficit","25.40"
"01.04.2021 15:06 - 01.04.2021 15:07","Deficit","31.40"
"01.04.2021 15:07 - 01.04.2021 15:08","Surplus","8.56"
"01.04.2021 15:08 - 01.04.2021 15:09","Deficit","20.11"
"01.04.2021 15:09 - 01.04.2021 15:10","Surplus","3.37"
"01.04.2021 15:10 - 01.04.2021 15:11","Surplus","39.72"
"01.04.2021 15:11 - 01.04.2021 15:12","Surplus","37.64"
"01.04.2021 15:12 - 01.04.2021 15:13","Surplus","29.83"
"01.04.2021 15:13 - 01.04.2021 15:14","Surplus","1.00"
"01.04.2021 15:14 - 01.04.2021 15:15","Deficit","54.09"
"01.04.2021 15:15 - 01.04.2021 15:16","Surplus","0.32"
"01.04.2021 15:16 - 01.04.2021 15:17","Deficit","34.98"
"01.04.2021 15:17 - 01.04.2021 15:18","Deficit","83.90"
"01.04.2021 15:18 - 01.04.2021 15:19","Deficit","77.82"
"01.04.2021 15:19 - 01.04.2021 15:20","Deficit","55.37"
"01.04.2021 15:20 - 01.04.2021 15:21","Deficit","78.74"
"01.04.2021 15:21 - 01.04.2021 15:22","Deficit","75.62"
"01.04.2021 15:22 - 01.04.2021 15:23","Deficit","81.11"
"01.04.2021 15:23 - 01.04.2021 15:24","Deficit","49.23"
"01.04.2021 15:24 - 01.04.2021 15:25","Deficit","52.32"
"01.04.2021 15:25 - 01.04.2021 15:26","Deficit","64.19"
"01.04.2021 15:26 - 01.04.2021 15:27","Deficit","43.75"
"01.04.2021 15:27 - 01.04.2021 15:28","Deficit","23.61"
"01.04.2021 15:28 - 01.04.2021 15:29","Deficit","14.04"
"01.04.2021 15:29 - 01.04.2021 15:30","Deficit","9.98"
"01.04.2021 15:30 - 01.04.2021 15:31","Surplus","2.19"
"01.04.2021 15:31 - 01.04.2021 15:32","Surplus","4.04"
"01.04.2021 15:32 - 01.04.2021 15:33","Deficit","6.35"
"01.04.2021 15:33 - 01.04.2021 15:34","Deficit","1.18"
"01.04.2021 15:34 - 01.04.2021 15:35","Deficit","24.09"
"01.04.2021 15:35 - 01.04.2021 15:36","Deficit","9.17"
"01.04.2021 15:36 - 01.04.2021 15:37","Deficit","2.32"
"01.04.2021 15:37 - 01.04.2021 15:38","Surplus","5.31"
"01.04.2021 15:38 - 01.04.2021 15:39","Deficit","27.27"
"01.04.2021 15:39 - 01.04.2021 15:40","Deficit","17.21"
"01.04.2021 15:40 - 01.04.2021 15:41","Deficit","19.88"
"01.04.2021 15:41 - 01.04.2021 15:42","Deficit","57.84"
"01.04.2021 15:42 - 01.04.2021 15:43","Deficit","44.74"
"01.04.2021 15:43 - 01.04.2021 15:44","Deficit","4.54"
"01.04.2021 15:44 - 01.04.2021 15:45","Surplus","19.52"
"01.04.2021 15:45 - 01.04.2021 15:46","Deficit","5.82"
"01.04.2021 15:46 - 01.04.2021 15:47","Surplus","13.25"
"01.04.2021 15:47 - 01.04.2021 15:48","Surplus","3.46"
"01.04.2021 15:48 - 01.04.2021 15:49","Deficit","0.88"
"01.04.2021 15:49 - 01.04.2021 15:50","Surplus","6.64"
"01.04.2021 15:50 - 01.04.2021 15:51","Surplus","6.50"
"01.04.2021 15:51 - 01.04.2021 15:52","Deficit","9.36"
"01.04.2021 15:52 - 01.04.2021 15:53","Deficit","25.96"
"01.04.2021 15:53 - 01.04.2021 15:54","Deficit","21.21"
"01.04.2021 15:54 - 01.04.2021 15:55","Deficit","23.54"
"01.04.2021 15:55 - 01.04.2021 15:56","Deficit","17.51"
"01.04.2021 15:56 - 01.04.2021 15:57","Surplus","22.79"
"01.04.2021 15:57 - 01.04.2021 15:58","Surplus","26.30"
"01.04.2021 15:58 - 01.04.2021 15:59","Surplus","18.41"
"01.04.2021 15:59 - 01.04.2021 16:00","Surplus","14.41"
"01.04.2021 16:00 - 01.04.2021 16:01","Surplus","9.99"
"01.04.2021 16:01 - 01.04.2021 16:02","Surplus","6.37"
"01.04.2021 16:02 - 01.04.2021 16:03","Surplus","23.65"
"01.04.2021 16:03 - 01.04.2021 16:04","Surplus","38.37"
"01.04.2021 16:04 - 01.04.2021 16:05","Surplus","15.30"
"01.04.2021 16:05 - 01.04.2021 16:06","Surplus","8.44"
"01.04.2021 16:06 - 01.04.2021 16:07","Surplus","27.43"
"01.04.2021 16:07 - 01.04.2021 16:08","Surplus","69.99"
"01.04.2021 16:08 - 01.04.2021 16:09","Surplus","99.33"
"01.04.2021 16:09 - 01.04.2021 16:10","Surplus","78.85"
"01.04.2021 16:10 - 01.04.2021 16:11","Deficit","3.81"
"01.04.2021 16:11 - 01.04.2021 16:12","Deficit","3.71"
"01.04.2021 16:12 - 01.04.2021 16:13","Deficit","0.67"
"01.04.2021 16:13 - 01.04.2021 16:14","Surplus","2.20"
"01.04.2021 16:14 - 01.04.2021 16:15","Surplus","5.81"
"01.04.2021 16:15 - 01.04.2021 16:16","Surplus","1.56"
"01.04.2021 16:16 - 01.04.2021 16:17","Deficit","1.51"
"01.04.2021 16:17 - 01.04.2021 16:18","Surplus","1.02"
"01.04.2021 16:18 - 01.04.2021 16:19","Deficit","4.11"
"01.04.2021 16:19 - 01.04.2021 16:20","Surplus","5.76"
"01.04.2021 16:20 - 01.04.2021 16:21","Deficit","9.92"
"01.04.2021 16:21 - 01.04.2021 16:22","Deficit","2.27"
"01.04.2021 16:22 - 01.04.2021 16:23","Deficit","3.24"
"01.04.2021 16:23 - 01.04.2021 16:24","Surplus","7.62"
"01.04.2021 16:24 - 01.04.2021 16:25","Deficit","5.12"
"01.04.2021 16:25 - 01.04.2021 16:26","Deficit","5.50"
"01.04.2021 16:26 - 01.04.2021 16:27","Deficit","1.04"
"01.04.2021 16:27 - 01.04.2021 16:28","Deficit","0.09"
"01.04.2021 16:28 - 01.04.2021 16:29","Surplus","4.61"
"01.04.2021 16:29 - 01.04.2021 16:30","Surplus","2.61"
"01.04.2021 16:30 - 01.04.2021 16:31","Deficit","3.12"
"01.04.2021 16:31 - 01.04.2021 16:32","Surplus","9.44"
"01.04.2021 16:32 - 01.04.2021 16:33","Surplus","7.72"
"01.04.2021 16:33 - 01.04.2021 16:34","Surplus","7.96"
"01.04.2021 16:34 - 01.04.2021 16:35","Surplus","15.48"
"01.04.2021 16:35 - 01.04.2021 16:36","Deficit","7.31"
"01.04.2021 16:36 - 01.04.2021 16:37","Deficit","2.55"
"01.04.2021 16:37 - 01.04.2021 16:38","Surplus","4.43"
"01.04.2021 16:38 - 01.04.2021 16:39","Surplus","1.98"
"01.04.2021 16:39 - 01.04.2021 16:40","Deficit","3.95"
"01.04.2021 16:40 - 01.04.2021 16:41","Surplus","6.37"
"01.04.2021 16:41 - 01.04.2021 16:42","Surplus","1.01"
"01.04.2021 16:42 - 01.04.2021 16:43","Surplus","0.16"
"01.04.2021 16:43 - 01.04.2021 16:44","Deficit","5.11"
"01.04.2021 16:44 - 01.04.2021 16:45","Deficit","1.12"
"01.04.2021 16:45 - 01.04.2021 16:46","Surplus","3.89"
"01.04.2021 16:46 - 01.04.2021 16:47","Deficit","3.12"
"01.04.2021 16:47 - 01.04.2021 16:48","Deficit","0.31"
"01.04.2021 16:48 - 01.04.2021 16:49","Deficit","0.43"
"01.04.2021 16:49 - 01.04.2021 16:50","Deficit","2.63"
"01.04.2021 16:50 - 01.04.2021 16:51","Deficit","5.71"
"01.04.2021 16:51 - 01.04.2021 16:52","Deficit","7.36"
"01.04.2021 16:52 - 01.04.2021 16:53","Deficit","2.17"
"01.04.2021 16:53 - 01.04.2021 16:54","Surplus","6.41"
"01.04.2021 16:54 - 01.04.2021 16:55","Deficit","8.60"
"01.04.2021 16:55 - 01.04.2021 16:56","Surplus","12.50"
"01.04.2021 16:56 - 01.04.2021 16:57","Surplus","12.80"
"01.04.2021 16:57 - 01.04.2021 16:58","Surplus","63.34"
"01.04.2021 16:58 - 01.04.2021 16:59","Surplus","98.96"
"01.04.2021 16:59 - 01.04.2021 17:00","Surplus","193.62"
"01.04.2021 17:00 - 01.04.2021 17:01","Surplus","184.82"
"01.04.2021 17:01 - 01.04.2021 17:02","Surplus","240.60"
"01.04.2021 17:02 - 01.04.2021 17:03","Surplus","308.57"
"01.04.2021 17:03 - 01.04.2021 17:04","Surplus","379.20"
"01.04.2021 17:04 - 01.04.2021 17:05","Surplus","384.80"
"01.04.2021 17:05 - 01.04.2021 17:06","Surplus","378.27"
"01.04.2021 17:06 - 01.04.2021 17:07","Surplus","248.95"
"01.04.2021 17:07 - 01.04.2021 17:08","Surplus","117.63"
"01.04.2021 17:08 - 01.04.2021 17:09","Surplus","4.74"
"01.04.2021 17:09 - 01.04.2021 17:10","Deficit","98.53"
"01.04.2021 17:10 - 01.04.2021 17:11","Deficit","212.11"
"01.04.2021 17:11 - 01.04.2021 17:12","Deficit","166.12"
"01.04.2021 17:12 - 01.04.2021 17:13","Deficit","110.24"
"01.04.2021 17:13 - 01.04.2021 17:14","Deficit","84.54"
"01.04.2021 17:14 - 01.04.2021 17:15","Deficit","31.31"
"01.04.2021 17:15 - 01.04.2021 17:16","Surplus","2.17"
"01.04.2021 17:16 - 01.04.2021 17:17","Deficit","7.64"
"01.04.2021 17:17 - 01.04.2021 17:18","Surplus","8.61"
"01.04.2021 17:18 - 01.04.2021 17:19","Surplus","34.73"
"01.04.2021 17:19 - 01.04.2021 17:20","Surplus","42.85"
"01.04.2021 17:20 - 01.04.2021 17:21","Surplus","51.27"
"01.04.2021 17:21 - 01.04.2021 17:22","Surplus","5.41"
"01.04.2021 17:22 - 01.04.2021 17:23","Surplus","78.33"
"01.04.2021 17:23 - 01.04.2021 17:24","Surplus","77.36"
"01.04.2021 17:24 - 01.04.2021 17:25","Surplus","62.58"
"01.04.2021 17:25 - 01.04.2021 17:26","Deficit","12.83"
"01.04.2021 17:26 - 01.04.2021 17:27","Surplus","5.33"
"01.04.2021 17:27 - 01.04.2021 17:28","Deficit","31.42"
"01.04.2021 17:28 - 01.04.2021 17:29","Deficit","50.76"
"01.04.2021 17:29 - 01.04.2021 17:30","Deficit","41.57"
"01.04.2021 17:30 - 01.04.2021 17:31","Deficit","34.38"
"01.04.2021 17:31 - 01.04.2021 17:32","Deficit","6.15"
"01.04.2021 17:32 - 01.04.2021 17:33","Deficit","0.84"
"01.04.2021 17:33 - 01.04.2021 17:34","Surplus","3.57"
"01.04.2021 17:34 - 01.04.2021 17:35","Deficit","0.69"
"01.04.2021 17:35 - 01.04.2021 17:36","Deficit","1.38"
"01.04.2021 17:36 - 01.04.2021 17:37","Deficit","4.78"
"01.04.2021 17:37 - 01.04.2021 17:38","Deficit","6.75"
"01.04.2021 17:38 - 01.04.2021 17:39","Deficit","8.37"
"01.04.2021 17:39 - 01.04.2021 17:40","Deficit","9.78"
"01.04.2021 17:40 - 01.04.2021 17:41","Deficit","4.50"
"01.04.2021 17:41 - 01.04.2021 17:42","Deficit","3.72"
"01.04.2021 17:42 - 01.04.2021 17:43","Deficit","0.30"
"01.04.2021 17:43 - 01.04.2021 17:44","Deficit","1.80"
"01.04.2021 17:44 - 01.04.2021 17:45","Deficit","3.23"
"01.04.2021 17:45 - 01.04.2021 17:46","Deficit","9.35"
"01.04.2021 17:46 - 01.04.2021 17:47","Surplus","11.79"
"01.04.2021 17:47 - 01.04.2021 17:48","Surplus","0.56"
"01.04.2021 17:48 - 01.04.2021 17:49","Surplus","10.59"
"01.04.2021 17:49 - 01.04.2021 17:50","Deficit","2.67"
"01.04.2021 17:50 - 01.04.2021 17:51","Deficit","2.53"
"01.04.2021 17:51 - 01.04.2021 17:52","Surplus","4.46"
"01.04.2021 17:52 - 01.04.2021 17:53","Deficit","11.87"
"01.04.2021 17:53 - 01.04.2021 17:54","Deficit","3.93"
"01.04.2021 17:54 - 01.04.2021 17:55","Deficit","6.53"
"01.04.2021 17:55 - 01.04.2021 17:56","Deficit","7.72"
"01.04.2021 17:56 - 01.04.2021 17:57","Deficit","2.11"
"01.04.2021 17:57 - 01.04.2021 17:58","Deficit","1.79"
"01.04.2021 17:58 - 01.04.2021 17:59","Deficit","3.37"
"01.04.2021 17:59 - 01.04.2021 18:00","Deficit","8.18"
"01.04.2021 18:00 - 01.04.2021 18:01","Deficit","10.40"
"01.04.2021 18:01 - 01.04.2021 18:02","Surplus","2.59"
"01.04.2021 18:02 - 01.04.2021 18:03","Deficit","1.59"
"01.04.2021 18:03 - 01.04.2021 18:04","Deficit","0.60"
"01.04.2021 18:04 - 01.04.2021 18:05","Deficit","6.14"
"01.04.2021 18:05 - 01.04.2021 18:06","Surplus","2.18"
"01.04.2021 18:06 - 01.04.2021 18:07","Surplus","0.50"
"01.04.2021 18:07 - 01.04.2021 18:08","Surplus","12.62"
"01.04.2021 18:08 - 01.04.2021 18:09","Deficit","2.39"
"01.04.2021 18:09 - 01.04.2021 18:10","Surplus","3.24"
"01.04.2021 18:10 - 01.04.2021 18:11","Surplus","10.57"
"01.04.2021 18:11 - 01.04.2021 18:12","Surplus","24.86"
"01.04.2021 18:12 - 01.04.2021 18:13","Surplus","49.23"
"01.04.2021 18:13 - 01.04.2021 18:14","Surplus","58.02"
"01.04.2021 18:14 - 01.04.2021 18:15","Surplus","47.70"
"01.04.2021 18:15 - 01.04.2021 18:16","Surplus","2.60"
"01.04.2021 18:16 - 01.04.2021 18:17","Deficit","0.70"
"01.04.2021 18:17 - 01.04.2021 18:18","Surplus","8.66"
"01.04.2021 18:18 - 01.04.2021 18:19","Deficit","6.31"
"01.04.2021 18:19 - 01.04.2021 18:20","Surplus","7.52"
"01.04.2021 18:20 - 01.04.2021 18:21","Deficit","1.05"
"01.04.2021 18:21 - 01.04.2021 18:22","Deficit","4.21"
"01.04.2021 18:22 - 01.04.2021 18:23","Deficit","6.40"
"01.04.2021 18:23 - 01.04.2021 18:24","Deficit","0.17"
"01.04.2021 18:24 - 01.04.2021 18:25","Deficit","4.51"
"01.04.2021 18:25 - 01.04.2021 18:26","Surplus","1.25"
"01.04.2021 18:26 - 01.04.2021 18:27","Surplus","3.51"
"01.04.2021 18:27 - 01.04.2021 18:28","Deficit","2.83"
"01.04.2021 18:28 - 01.04.2021 18:29","Surplus","6.77"
"01.04.2021 18:29 - 01.04.2021 18:30","Surplus","2.82"
"01.04.2021 18:30 - 01.04.2021 18:31","Deficit","1.41"
"01.04.2021 18:31 - 01.04.2021 18:32","Surplus","2.53"
"01.04.2021 18:32 - 01.04.2021 18:33","Surplus","4.88"
"01.04.2021 18:33 - 01.04.2021 18:34","Surplus","17.04"
"01.04.2021 18:34 - 01.04.2021 18:35","Surplus","9.98"
"01.04.2021 18:35 - 01.04.2021 18:36","Deficit","3.79"
"01.04.2021 18:36 - 01.04.2021 18:37","Deficit","4.39"
"01.04.2021 18:37 - 01.04.2021 18:38","Deficit","1.85"
"01.04.2021 18:38 - 01.04.2021 18:39","Deficit","8.27"
"01.04.2021 18:39 - 01.04.2021 18:40","Deficit","20.49"
"01.04.2021 18:40 - 01.04.2021 18:41","Deficit","11.47"
"01.04.2021 18:41 - 01.04.2021 18:42","Deficit","14.64"
"01.04.2021 18:42 - 01.04.2021 18:43","Deficit","27.28"
"01.04.2021 18:43 - 01.04.2021 18:44","Deficit","48.00"
"01.04.2021 18:44 - 01.04.2021 18:45","Deficit","70.27"
"01.04.2021 18:45 - 01.04.2021 18:46","Deficit","35.23"
"01.04.2021 18:46 - 01.04.2021 18:47","Deficit","63.96"
"01.04.2021 18:47 - 01.04.2021 18:48","Deficit","57.12"
"01.04.2021 18:48 - 01.04.2021 18:49","Deficit","11.45"
"01.04.2021 18:49 - 01.04.2021 18:50","Deficit","33.42"
"01.04.2021 18:50 - 01.04.2021 18:51","Deficit","29.57"
"01.04.2021 18:51 - 01.04.2021 18:52","Deficit","37.39"
"01.04.2021 18:52 - 01.04.2021 18:53","Deficit","57.13"
"01.04.2021 18:53 - 01.04.2021 18:54","Deficit","46.48"
"01.04.2021 18:54 - 01.04.2021 18:55","Deficit","15.62"
"01.04.2021 18:55 - 01.04.2021 18:56","Deficit","34.27"
"01.04.2021 18:56 - 01.04.2021 18:57","Deficit","14.67"
"01.04.2021 18:57 - 01.04.2021 18:58","Surplus","0.77"
"01.04.2021 18:58 - 01.04.2021 18:59","Surplus","21.51"
"01.04.2021 18:59 - 01.04.2021 19:00","Surplus","14.79"
"01.04.2021 19:00 - 01.04.2021 19:01","Surplus","20.55"
"01.04.2021 19:01 - 01.04.2021 19:02","Surplus","60.89"
"01.04.2021 19:02 - 01.04.2021 19:03","Surplus","98.72"
"01.04.2021 19:03 - 01.04.2021 19:04","Surplus","149.68"
"01.04.2021 19:04 - 01.04.2021 19:05","Surplus","133.89"
"01.04.2021 19:05 - 01.04.2021 19:06","Surplus","89.82"
"01.04.2021 19:06 - 01.04.2021 19:07","Surplus","67.47"
"01.04.2021 19:07 - 01.04.2021 19:08","Surplus","17.56"
"01.04.2021 19:08 - 01.04.2021 19:09","Surplus","12.78"
"01.04.2021 19:09 - 01.04.2021 19:10","Deficit","11.76"
"01.04.2021 19:10 - 01.04.2021 19:11","Deficit","35.23"
"01.04.2021 19:11 - 01.04.2021 19:12","Deficit","48.78"
"01.04.2021 19:12 - 01.04.2021 19:13","Deficit","57.32"
"01.04.2021 19:13 - 01.04.2021 19:14","Deficit","27.66"
"01.04.2021 19:14 - 01.04.2021 19:15","Surplus","6.29"
"01.04.2021 19:15 - 01.04.2021 19:16","Deficit","2.67"
"01.04.2021 19:16 - 01.04.2021 19:17","Surplus","15.85"
"01.04.2021 19:17 - 01.04.2021 19:18","Surplus","1.31"
"01.04.2021 19:18 - 01.04.2021 19:19","Deficit","0.04"
"01.04.2021 19:19 - 01.04.2021 19:20","Deficit","11.49"
"01.04.2021 19:20 - 01.04.2021 19:21","Surplus","1.56"
"01.04.2021 19:21 - 01.04.2021 19:22","Deficit","0.62"
"01.04.2021 19:22 - 01.04.2021 19:23","Deficit","3.60"
"01.04.2021 19:23 - 01.04.2021 19:24","Surplus","5.81"
"01.04.2021 19:24 - 01.04.2021 19:25","Deficit","10.86"
"01.04.2021 19:25 - 01.04.2021 19:26","Deficit","4.62"
"01.04.2021 19:26 - 01.04.2021 19:27","Deficit","15.68"
"01.04.2021 19:27 - 01.04.2021 19:28","Surplus","1.18"
"01.04.2021 19:28 - 01.04.2021 19:29","Deficit","7.73"
"01.04.2021 19:29 - 01.04.2021 19:30","Deficit","3.35"
"01.04.2021 19:30 - 01.04.2021 19:31","Surplus","4.68"
"01.04.2021 19:31 - 01.04.2021 19:32","Deficit","0.30"
"01.04.2021 19:32 - 01.04.2021 19:33","Surplus","3.07"
"01.04.2021 19:33 - 01.04.2021 19:34","Surplus","7.01"
"01.04.2021 19:34 - 01.04.2021 19:35","Deficit","5.86"
"01.04.2021 19:35 - 01.04.2021 19:36","Deficit","7.58"
"01.04.2021 19:36 - 01.04.2021 19:37","Surplus","6.26"
"01.04.2021 19:37 - 01.04.2021 19:38","Surplus","6.55"
"01.04.2021 19:38 - 01.04.2021 19:39","Deficit","1.94"
"01.04.2021 19:39 - 01.04.2021 19:40","Deficit","8.17"
"01.04.2021 19:40 - 01.04.2021 19:41","Deficit","33.56"
"01.04.2021 19:41 - 01.04.2021 19:42","Deficit","6.98"
"01.04.2021 19:42 - 01.04.2021 19:43","Deficit","26.68"
"01.04.2021 19:43 - 01.04.2021 19:44","Deficit","47.19"
"01.04.2021 19:44 - 01.04.2021 19:45","Deficit","6.80"
"01.04.2021 19:45 - 01.04.2021 19:46","Deficit","4.33"
"01.04.2021 19:46 - 01.04.2021 19:47","Deficit","4.40"
"01.04.2021 19:47 - 01.04.2021 19:48","Deficit","32.52"
"01.04.2021 19:48 - 01.04.2021 19:49","Deficit","51.50"
"01.04.2021 19:49 - 01.04.2021 19:50","Deficit","63.45"
"01.04.2021 19:50 - 01.04.2021 19:51","Deficit","111.85"
"01.04.2021 19:51 - 01.04.2021 19:52","Deficit","70.33"
"01.04.2021 19:52 - 01.04.2021 19:53","Deficit","30.78"
"01.04.2021 19:53 - 01.04.2021 19:54","Surplus","17.28"
"01.04.2021 19:54 - 01.04.2021 19:55","Surplus","0.81"
"01.04.2021 19:55 - 01.04.2021 19:56","Deficit","54.23"
"01.04.2021 19:56 - 01.04.2021 19:57","Deficit","18.49"
"01.04.2021 19:57 - 01.04.2021 19:58","Deficit","2.06"
"01.04.2021 19:58 - 01.04.2021 19:59","Surplus","45.42"
"01.04.2021 19:59 - 01.04.2021 20:00","Surplus","55.01"
"01.04.2021 20:00 - 01.04.2021 20:01","Surplus","28.46"
"01.04.2021 20:01 - 01.04.2021 20:02","Surplus","25.87"
"01.04.2021 20:02 - 01.04.2021 20:03","Surplus","25.08"
"01.04.2021 20:03 - 01.04.2021 20:04","Surplus","22.05"
"01.04.2021 20:04 - 01.04.2021 20:05","Surplus","5.98"
"01.04.2021 20:05 - 01.04.2021 20:06","Surplus","7.64"
"01.04.2021 20:06 - 01.04.2021 20:07","Surplus","19.66"
"01.04.2021 20:07 - 01.04.2021 20:08","Surplus","91.23"
"01.04.2021 20:08 - 01.04.2021 20:09","Surplus","76.80"
"01.04.2021 20:09 - 01.04.2021 20:10","Surplus","17.92"
"01.04.2021 20:10 - 01.04.2021 20:11","Surplus","14.83"
"01.04.2021 20:11 - 01.04.2021 20:12","Surplus","16.36"
"01.04.2021 20:12 - 01.04.2021 20:13","Deficit","3.62"
"01.04.2021 20:13 - 01.04.2021 20:14","Deficit","3.54"
"01.04.2021 20:14 - 01.04.2021 20:15","Surplus","8.17"
"01.04.2021 20:15 - 01.04.2021 20:16","Deficit","7.16"
"01.04.2021 20:16 - 01.04.2021 20:17","Deficit","14.39"
"01.04.2021 20:17 - 01.04.2021 20:18","Surplus","7.02"
"01.04.2021 20:18 - 01.04.2021 20:19","Deficit","2.99"
"01.04.2021 20:19 - 01.04.2021 20:20","Deficit","1.67"
"01.04.2021 20:20 - 01.04.2021 20:21","Surplus","1.66"
"01.04.2021 20:21 - 01.04.2021 20:22","Surplus","1.77"
"01.04.2021 20:22 - 01.04.2021 20:23","Deficit","3.08"
"01.04.2021 20:23 - 01.04.2021 20:24","Deficit","8.12"
"01.04.2021 20:24 - 01.04.2021 20:25","Deficit","18.51"
"01.04.2021 20:25 - 01.04.2021 20:26","Surplus","3.60"
"01.04.2021 20:26 - 01.04.2021 20:27","Surplus","4.55"
"01.04.2021 20:27 - 01.04.2021 20:28","Deficit","4.32"
"01.04.2021 20:28 - 01.04.2021 20:29","Deficit","6.45"
"01.04.2021 20:29 - 01.04.2021 20:30","Deficit","47.84"
"01.04.2021 20:30 - 01.04.2021 20:31","Deficit","75.52"
"01.04.2021 20:31 - 01.04.2021 20:32","Deficit","71.89"
"01.04.2021 20:32 - 01.04.2021 20:33","Deficit","49.88"
"01.04.2021 20:33 - 01.04.2021 20:34","Deficit","8.47"
"01.04.2021 20:34 - 01.04.2021 20:35","Deficit","0.52"
"01.04.2021 20:35 - 01.04.2021 20:36","Deficit","42.81"
"01.04.2021 20:36 - 01.04.2021 20:37","Deficit","52.90"
"01.04.2021 20:37 - 01.04.2021 20:38","Surplus","0.81"
"01.04.2021 20:38 - 01.04.2021 20:39","Deficit","3.28"
"01.04.2021 20:39 - 01.04.2021 20:40","Surplus","1.38"
"01.04.2021 20:40 - 01.04.2021 20:41","Surplus","6.69"
"01.04.2021 20:41 - 01.04.2021 20:42","Deficit","2.73"
"01.04.2021 20:42 - 01.04.2021 20:43","Surplus","11.16"
"01.04.2021 20:43 - 01.04.2021 20:44","Surplus","6.86"
"01.04.2021 20:44 - 01.04.2021 20:45","Surplus","1.47"
"01.04.2021 20:45 - 01.04.2021 20:46","Surplus","3.67"
"01.04.2021 20:46 - 01.04.2021 20:47","Surplus","4.91"
"01.04.2021 20:47 - 01.04.2021 20:48","Surplus","4.97"
"01.04.2021 20:48 - 01.04.2021 20:49","Surplus","0.74"
"01.04.2021 20:49 - 01.04.2021 20:50","Deficit","1.37"
"01.04.2021 20:50 - 01.04.2021 20:51","Surplus","1.53"
"01.04.2021 20:51 - 01.04.2021 20:52","Surplus","5.96"
"01.04.2021 20:52 - 01.04.2021 20:53","Surplus","4.42"
"01.04.2021 20:53 - 01.04.2021 20:54","Deficit","7.13"
"01.04.2021 20:54 - 01.04.2021 20:55","Surplus","6.86"
"01.04.2021 20:55 - 01.04.2021 20:56","Surplus","4.53"
"01.04.2021 20:56 - 01.04.2021 20:57","Surplus","5.48"
"01.04.2021 20:57 - 01.04.2021 20:58","Surplus","3.02"
"01.04.2021 20:58 - 01.04.2021 20:59","Deficit","3.30"
"01.04.2021 20:59 - 01.04.2021 21:00","Deficit","2.36"
"01.04.2021 21:00 - 01.04.2021 21:01","Surplus","7.01"
"01.04.2021 21:01 - 01.04.2021 21:02","Deficit","10.32"
"01.04.2021 21:02 - 01.04.2021 21:03","Deficit","39.93"
"01.04.2021 21:03 - 01.04.2021 21:04","Deficit","113.89"
"01.04.2021 21:04 - 01.04.2021 21:05","Deficit","195.03"
"01.04.2021 21:05 - 01.04.2021 21:06","Deficit","158.85"
"01.04.2021 21:06 - 01.04.2021 21:07","Deficit","160.51"
"01.04.2021 21:07 - 01.04.2021 21:08","Deficit","90.26"
"01.04.2021 21:08 - 01.04.2021 21:09","Deficit","45.48"
"01.04.2021 21:09 - 01.04.2021 21:10","Surplus","42.20"
"01.04.2021 21:10 - 01.04.2021 21:11","Surplus","75.39"
"01.04.2021 21:11 - 01.04.2021 21:12","Surplus","81.52"
"01.04.2021 21:12 - 01.04.2021 21:13","Surplus","53.89"
"01.04.2021 21:13 - 01.04.2021 21:14","Surplus","20.49"
"01.04.2021 21:14 - 01.04.2021 21:15","Surplus","13.55"
"01.04.2021 21:15 - 01.04.2021 21:16","Deficit","9.21"
"01.04.2021 21:16 - 01.04.2021 21:17","Deficit","6.07"
"01.04.2021 21:17 - 01.04.2021 21:18","Deficit","67.77"
"01.04.2021 21:18 - 01.04.2021 21:19","Deficit","163.20"
"01.04.2021 21:19 - 01.04.2021 21:20","Deficit","209.44"
"01.04.2021 21:20 - 01.04.2021 21:21","Deficit","181.56"
"01.04.2021 21:21 - 01.04.2021 21:22","Deficit","95.10"
"01.04.2021 21:22 - 01.04.2021 21:23","Deficit","85.69"
"01.04.2021 21:23 - 01.04.2021 21:24","Deficit","48.88"
"01.04.2021 21:24 - 01.04.2021 21:25","Deficit","11.84"
"01.04.2021 21:25 - 01.04.2021 21:26","Surplus","0.17"
"01.04.2021 21:26 - 01.04.2021 21:27","Surplus","70.38"
"01.04.2021 21:27 - 01.04.2021 21:28","Surplus","70.79"
"01.04.2021 21:28 - 01.04.2021 21:29","Surplus","64.45"
"01.04.2021 21:29 - 01.04.2021 21:30","Surplus","41.94"
"01.04.2021 21:30 - 01.04.2021 21:31","Surplus","23.32"
"01.04.2021 21:31 - 01.04.2021 21:32","Surplus","12.32"
"01.04.2021 21:32 - 01.04.2021 21:33","Surplus","11.67"
"01.04.2021 21:33 - 01.04.2021 21:34","Surplus","5.34"
"01.04.2021 21:34 - 01.04.2021 21:35","Surplus","7.08"
"01.04.2021 21:35 - 01.04.2021 21:36","Surplus","9.12"
"01.04.2021 21:36 - 01.04.2021 21:37","Surplus","17.82"
"01.04.2021 21:37 - 01.04.2021 21:38","Surplus","69.51"
"01.04.2021 21:38 - 01.04.2021 21:39","Surplus","135.75"
"01.04.2021 21:39 - 01.04.2021 21:40","Surplus","111.59"
"01.04.2021 21:40 - 01.04.2021 21:41","Surplus","96.31"
"01.04.2021 21:41 - 01.04.2021 21:42","Surplus","97.90"
"01.04.2021 21:42 - 01.04.2021 21:43","Surplus","142.91"
"01.04.2021 21:43 - 01.04.2021 21:44","Surplus","114.26"
"01.04.2021 21:44 - 01.04.2021 21:45","Surplus","91.82"
"01.04.2021 21:45 - 01.04.2021 21:46","Surplus","57.75"
"01.04.2021 21:46 - 01.04.2021 21:47","Surplus","42.02"
"01.04.2021 21:47 - 01.04.2021 21:48","Surplus","13.57"
"01.04.2021 21:48 - 01.04.2021 21:49","Surplus","8.91"
"01.04.2021 21:49 - 01.04.2021 21:50","Deficit","14.08"
"01.04.2021 21:50 - 01.04.2021 21:51","Surplus","24.50"
"01.04.2021 21:51 - 01.04.2021 21:52","Surplus","54.70"
"01.04.2021 21:52 - 01.04.2021 21:53","Surplus","88.10"
"01.04.2021 21:53 - 01.04.2021 21:54","Surplus","139.07"
"01.04.2021 21:54 - 01.04.2021 21:55","Surplus","98.65"
"01.04.2021 21:55 - 01.04.2021 21:56","Surplus","117.30"
"01.04.2021 21:56 - 01.04.2021 21:57","Surplus","121.26"
"01.04.2021 21:57 - 01.04.2021 21:58","Surplus","105.73"
"01.04.2021 21:58 - 01.04.2021 21:59","Surplus","88.96"
"01.04.2021 21:59 - 01.04.2021 22:00","Surplus","47.69"
"01.04.2021 22:00 - 01.04.2021 22:01","Deficit","53.23"
"01.04.2021 22:01 - 01.04.2021 22:02","Deficit","182.55"
"01.04.2021 22:02 - 01.04.2021 22:03","Deficit","130.71"
"01.04.2021 22:03 - 01.04.2021 22:04","Deficit","127.17"
"01.04.2021 22:04 - 01.04.2021 22:05","Deficit","169.69"
"01.04.2021 22:05 - 01.04.2021 22:06","Deficit","148.80"
"01.04.2021 22:06 - 01.04.2021 22:07","Deficit","165.44"
"01.04.2021 22:07 - 01.04.2021 22:08","Deficit","174.41"
"01.04.2021 22:08 - 01.04.2021 22:09","Deficit","115.87"
"01.04.2021 22:09 - 01.04.2021 22:10","Deficit","76.65"
"01.04.2021 22:10 - 01.04.2021 22:11","Deficit","57.88"
"01.04.2021 22:11 - 01.04.2021 22:12","Deficit","63.47"
"01.04.2021 22:12 - 01.04.2021 22:13","Deficit","18.67"
"01.04.2021 22:13 - 01.04.2021 22:14","Surplus","16.10"
"01.04.2021 22:14 - 01.04.2021 22:15","Surplus","6.21"
"01.04.2021 22:15 - 01.04.2021 22:16","Surplus","24.84"
"01.04.2021 22:16 - 01.04.2021 22:17","Deficit","6.04"
"01.04.2021 22:17 - 01.04.2021 22:18","Deficit","28.09"
"01.04.2021 22:18 - 01.04.2021 22:19","Surplus","7.46"
"01.04.2021 22:19 - 01.04.2021 22:20","Surplus","6.01"
"01.04.2021 22:20 - 01.04.2021 22:21","Surplus","18.01"
"01.04.2021 22:21 - 01.04.2021 22:22","Surplus","10.41"
"01.04.2021 22:22 - 01.04.2021 22:23","Surplus","12.54"
"01.04.2021 22:23 - 01.04.2021 22:24","Surplus","9.76"
"01.04.2021 22:24 - 01.04.2021 22:25","Surplus","17.54"
"01.04.2021 22:25 - 01.04.2021 22:26","Surplus","1.40"
"01.04.2021 22:26 - 01.04.2021 22:27","Surplus","22.06"
"01.04.2021 22:27 - 01.04.2021 22:28","Surplus","33.38"
"01.04.2021 22:28 - 01.04.2021 22:29","Surplus","44.72"
"01.04.2021 22:29 - 01.04.2021 22:30","Surplus","51.43"
"01.04.2021 22:30 - 01.04.2021 22:31","Surplus","27.02"
"01.04.2021 22:31 - 01.04.2021 22:32","Surplus","16.14"
"01.04.2021 22:32 - 01.04.2021 22:33","Surplus","4.48"
"01.04.2021 22:33 - 01.04.2021 22:34","Surplus","54.00"
"01.04.2021 22:34 - 01.04.2021 22:35","Surplus","25.53"
"01.04.2021 22:35 - 01.04.2021 22:36","Deficit","0.39"
"01.04.2021 22:36 - 01.04.2021 22:37","Surplus","11.49"
"01.04.2021 22:37 - 01.04.2021 22:38","Surplus","16.38"
"01.04.2021 22:38 - 01.04.2021 22:39","Surplus","36.67"
"01.04.2021 22:39 - 01.04.2021 22:40","Deficit","0.81"
"01.04.2021 22:40 - 01.04.2021 22:41","Surplus","3.42"
"01.04.2021 22:41 - 01.04.2021 22:42","Deficit","14.82"
"01.04.2021 22:42 - 01.04.2021 22:43","Surplus","55.79"
"01.04.2021 22:43 - 01.04.2021 22:44","Surplus","93.55"
"01.04.2021 22:44 - 01.04.2021 22:45","Surplus","58.70"
"01.04.2021 22:45 - 01.04.2021 22:46","Deficit","20.00"
"01.04.2021 22:46 - 01.04.2021 22:47","Deficit","29.77"
"01.04.2021 22:47 - 01.04.2021 22:48","Deficit","13.70"
"01.04.2021 22:48 - 01.04.2021 22:49","Deficit","11.15"
"01.04.2021 22:49 - 01.04.2021 22:50","Deficit","9.93"
"01.04.2021 22:50 - 01.04.2021 22:51","Surplus","1.15"
"01.04.2021 22:51 - 01.04.2021 22:52","Deficit","6.98"
"01.04.2021 22:52 - 01.04.2021 22:53","Deficit","4.02"
"01.04.2021 22:53 - 01.04.2021 22:54","Surplus","8.13"
"01.04.2021 22:54 - 01.04.2021 22:55","Deficit","2.77"
"01.04.2021 22:55 - 01.04.2021 22:56","Deficit","2.17"
"01.04.2021 22:56 - 01.04.2021 22:57","Deficit","6.78"
"01.04.2021 22:57 - 01.04.2021 22:58","Surplus","13.43"
"01.04.2021 22:58 - 01.04.2021 22:59","Deficit","1.21"
"01.04.2021 22:59 - 01.04.2021 23:00","Deficit","3.55"
"01.04.2021 23:00 - 01.04.2021 23:01","Deficit","2.42"
"01.04.2021 23:01 - 01.04.2021 23:02","Deficit","40.48"
"01.04.2021 23:02 - 01.04.2021 23:03","Deficit","82.56"
"01.04.2021 23:03 - 01.04.2021 23:04","Deficit","128.47"
"01.04.2021 23:04 - 01.04.2021 23:05","Deficit","151.93"
"01.04.2021 23:05 - 01.04.2021 23:06","Deficit","100.68"
"01.04.2021 23:06 - 01.04.2021 23:07","Deficit","91.34"
"01.04.2021 23:07 - 01.04.2021 23:08","Deficit","69.95"
"01.04.2021 23:08 - 01.04.2021 23:09","Deficit","38.23"
"01.04.2021 23:09 - 01.04.2021 23:10","Surplus","36.36"
"01.04.2021 23:10 - 01.04.2021 23:11","Surplus","46.86"
"01.04.2021 23:11 - 01.04.2021 23:12","Surplus","37.37"
"01.04.2021 23:12 - 01.04.2021 23:13","Surplus","17.44"
"01.04.2021 23:13 - 01.04.2021 23:14","Deficit","26.28"
"01.04.2021 23:14 - 01.04.2021 23:15","Deficit","25.42"
"01.04.2021 23:15 - 01.04.2021 23:16","Deficit","57.31"
"01.04.2021 23:16 - 01.04.2021 23:17","Deficit","61.21"
"01.04.2021 23:17 - 01.04.2021 23:18","Deficit","25.66"
"01.04.2021 23:18 - 01.04.2021 23:19","Surplus","12.42"
"01.04.2021 23:19 - 01.04.2021 23:20","Deficit","20.52"
"01.04.2021 23:20 - 01.04.2021 23:21","Deficit","15.89"
"01.04.2021 23:21 - 01.04.2021 23:22","Deficit","32.26"
"01.04.2021 23:22 - 01.04.2021 23:23","Surplus","7.83"
"01.04.2021 23:23 - 01.04.2021 23:24","Surplus","24.54"
"01.04.2021 23:24 - 01.04.2021 23:25","Deficit","28.33"
"01.04.2021 23:25 - 01.04.2021 23:26","Deficit","106.93"
"01.04.2021 23:26 - 01.04.2021 23:27","Deficit","0.17"
"01.04.2021 23:27 - 01.04.2021 23:28","Surplus","11.81"
"01.04.2021 23:28 - 01.04.2021 23:29","Surplus","12.40"
"01.04.2021 23:29 - 01.04.2021 23:30","Deficit","7.66"
"01.04.2021 23:30 - 01.04.2021 23:31","Deficit","24.72"
"01.04.2021 23:31 - 01.04.2021 23:32","Surplus","5.33"
"01.04.2021 23:32 - 01.04.2021 23:33","Surplus","1.32"
"01.04.2021 23:33 - 01.04.2021 23:34","Deficit","4.78"
"01.04.2021 23:34 - 01.04.2021 23:35","Deficit","0.46"
"01.04.2021 23:35 - 01.04.2021 23:36","Surplus","2.39"
"01.04.2021 23:36 - 01.04.2021 23:37","Deficit","1.22"
"01.04.2021 23:37 - 01.04.2021 23:38","Deficit","0.79"
"01.04.2021 23:38 - 01.04.2021 23:39","Deficit","2.74"
"01.04.2021 23:39 - 01.04.2021 23:40","Deficit","5.46"
"01.04.2021 23:40 - 01.04.2021 23:41","Surplus","1.96"
"01.04.2021 23:41 - 01.04.2021 23:42","Surplus","2.80"
"01.04.2021 23:42 - 01.04.2021 23:43","Surplus","3.34"
"01.04.2021 23:43 - 01.04.2021 23:44","Deficit","4.85"
"01.04.2021 23:44 - 01.04.2021 23:45","Deficit","9.11"
"01.04.2021 23:45 - 01.04.2021 23:46","Deficit","3.09"
"01.04.2021 23:46 - 01.04.2021 23:47","Deficit","6.36"
"01.04.2021 23:47 - 01.04.2021 23:48","Deficit","1.62"
"01.04.2021 23:48 - 01.04.2021 23:49","Deficit","0.72"
"01.04.2021 23:49 - 01.04.2021 23:50","Deficit","1.81"
"01.04.2021 23:50 - 01.04.2021 23:51","Surplus","2.99"
"01.04.2021 23:51 - 01.04.2021 23:52","Deficit","0.12"
"01.04.2021 23:52 - 01.04.2021 23:53","Surplus","3.68"
"01.04.2021 23:53 - 01.04.2021 23:54","Deficit","7.90"
"01.04.2021 23:54 - 01.04.2021 23:55","Deficit","8.90"
"01.04.2021 23:55 - 01.04.2021 23:56","Surplus","7.59"
"01.04.2021 23:56 - 01.04.2021 23:57","Surplus","1.32"
"01.04.2021 23:57 - 01.04.2021 23:58","Deficit","0.10"
"01.04.2021 23:58 - 01.04.2021 23:59","Surplus","14.27"
"01.04.2021 23:59 - 02.04.2021 00:00","Surplus","7.21"
